Start Date (CST),Charging Time (hh:mm:ss),Gasoline Savings (gallons)
4/11/19,1:51:11,0.799
5/11/19,3:31:45,1.462
6/11/19,3:07:48,1.278
6/11/19,2:05:31,0.895
7/11/19,2:04:58,0.808
7/11/19,0:00:00,0
7/11/19,0:00:00,0
8/11/19,2:04:51,0.803
8/11/19,2:45:42,1.096
8/11/19,1:09:02,0.489
8/11/19,0:00:00,0
10/11/19,2:04:50,0.889
11/11/19,4:51:22,1.949
11/11/19,2:07:00,0.808
12/11/19,4:35:00,1.887
12/11/19,2:09:37,0.872
12/11/19,2:07:04,0.795
11/13/19 8:39,2:53:43,1.227
11/13/19 9:16,4:57:48,2.028
11/13/19 17:02,0:00:00,0
11/13/19 17:05,0:00:00,0
11/14/19 8:18,2:06:48,0.818
11/15/19 8:45,2:04:05,0.8
11/15/19 9:17,0:00:00,0
11/15/19 9:17,2:25:24,1.042
11/15/19 9:31,2:36:34,1.759
11/15/19 18:45,3:12:27,2.497
11/16/19 8:33,2:05:48,0.808
11/16/19 13:27,0:21:18,0.148
11/16/19 20:13,1:47:30,0.651
11/18/19 8:36,2:07:45,0.815
11/18/19 9:16,4:34:57,1.949
11/20/19 8:46,2:52:14,1.233
11/21/19 14:14,2:06:30,0.809
11/22/19 11:41,1:00:41,0.425
11/22/19 12:16,2:04:11,0.792
11/25/19 8:27,2:06:16,0.804
11/25/19 11:45,2:12:13,0.942
11/25/19 20:43,1:48:39,0.613
11/26/19 9:35,2:09:59,0.832
11/26/19 9:47,3:07:03,1.32
11/27/19 9:28,2:32:43,1.085
11/29/19 10:57,0:59:25,0.421
2/12/19,2:05:02,0.802
2/12/19,1:10:17,0.502
2/12/19,4:40:04,1.911
4/12/19,2:23:51,1.025
5/12/19,2:33:51,1.736
5/12/19,0:45:50,0.322
5/12/19,2:07:08,0.805
6/12/19,1:42:16,0.734
6/12/19,0:00:00,0
6/12/19,2:04:08,1.608
8/12/19,0:00:00,0
8/12/19,0:37:07,0.488
9/12/19,1:10:28,0.503
10/12/19,2:15:29,0.942
10/12/19,2:17:43,0.777
10/12/19,1:24:50,0.268
11/12/19,3:52:36,3.004
11/12/19,2:59:00,1.287
11/12/19,2:01:58,0.364
11/12/19,1:05:30,0.193
12/12/19,1:27:01,0.622
12/12/19,1:01:29,0.428
12/12/19,1:11:35,0.304
12/13/19 7:15,0:16:48,0.094
12/13/19 10:44,2:13:00,0.956
12/13/19 15:25,1:10:34,0.572
12/14/19 11:15,0:35:54,0.187
12/16/19 9:32,1:33:06,0.532
12/16/19 10:46,1:56:17,0.809
12/17/19 9:03,0:51:39,0.336
12/17/19 10:56,1:07:55,0.487
12/17/19 11:14,2:07:03,0.81
12/18/19 9:23,3:04:25,1.746
12/18/19 9:26,2:56:13,1.264
12/18/19 15:30,1:35:58,0.486
12/19/19 8:04,2:03:05,0.786
12/19/19 10:53,2:01:09,0.87
12/19/19 16:25,1:10:03,0.611
12/20/19 12:59,2:06:09,1.7
12/21/19 13:46,1:41:06,0.727
12/22/19 11:01,2:02:18,0.88
12/22/19 14:51,0:36:22,0.26
12/23/19 11:01,1:26:04,0.618
12/26/19 8:31,2:08:57,0.83
12/26/19 11:03,1:13:09,0.52
12/27/19 8:39,2:08:16,0.82
12/27/19 10:46,1:19:01,0.564
12/30/19 10:21,2:09:07,0.833
12/30/19 10:55,3:02:30,1.267
12/31/19 10:46,0:56:13,0.548
12/31/19 11:15,3:32:42,1.515
12/31/19 12:25,0:41:09,0.459
1/1/20,4:41:10,1.938
2/1/20,2:07:45,0.807
2/1/20,1:14:30,0.529
3/1/20,2:06:58,0.823
3/1/20,1:52:59,0.803
4/1/20,14:58:12,11.575
6/1/20,2:08:37,0.831
6/1/20,0:00:00,0
6/1/20,5:42:16,4.54
6/1/20,1:34:25,0.674
7/1/20,4:38:55,1.925
7/1/20,2:31:06,2.021
7/1/20,3:09:20,1.351
7/1/20,2:01:57,0.776
8/1/20,2:56:25,1.26
8/1/20,4:31:01,3.583
9/1/20,4:37:52,1.964
9/1/20,2:42:31,1.163
9/1/20,2:03:54,0.787
10/1/20,4:02:19,3.217
10/1/20,1:10:49,0.506
10/1/20,2:05:19,0.8
1/13/20 9:14,5:58:49,4.737
1/13/20 10:57,5:02:28,2.048
1/13/20 11:37,2:19:50,1
1/13/20 12:56,2:06:49,0.804
1/14/20 9:22,4:50:34,3.906
1/14/20 9:49,4:50:32,1.989
1/14/20 10:32,2:07:16,0.813
1/15/20 9:12,6:55:13,5.528
1/16/20 9:17,5:03:18,2.051
1/16/20 10:52,3:07:08,1.32
1/16/20 12:57,1:28:36,0.58
1/16/20 14:00,1:00:01,0.798
1/17/20 9:13,5:01:55,4.019
1/17/20 11:14,2:00:45,0.812
1/20/20 9:29,4:43:05,1.838
1/20/20 9:29,0:00:00,0
1/20/20 9:37,2:52:46,2.309
1/20/20 10:09,1:11:50,0.517
1/21/20 9:21,5:03:30,1.958
1/21/20 9:52,4:07:06,1.755
1/22/20 9:09,2:57:01,1.268
1/22/20 9:13,4:35:40,1.957
1/22/20 10:01,7:18:17,5.86
1/23/20 10:49,3:41:11,1.631
1/23/20 11:16,2:48:25,1.188
1/23/20 18:33,0:00:00,0
1/23/20 18:33,1:39:00,0.61
1/24/20 8:36,2:02:33,0.786
1/24/20 9:41,3:33:11,2.822
1/24/20 12:57,1:21:35,0.574
1/24/20 19:20,3:09:07,0.2
1/25/20 20:16,4:05:53,0.445
1/27/20 10:45,1:59:03,0.799
1/27/20 11:05,2:06:56,0.806
1/28/20 8:31,2:03:45,0.801
1/28/20 9:04,7:00:19,5.6
1/28/20 9:11,5:03:23,2.025
1/28/20 10:55,2:15:03,0.929
1/29/20 9:04,1:59:57,0.818
1/29/20 9:11,7:27:25,5.989
1/30/20 8:18,2:00:24,0.768
1/30/20 9:51,5:19:34,2.053
1/30/20 10:26,7:43:34,6.146
1/30/20 11:09,2:20:03,0.966
1/31/20 8:21,2:04:33,0.801
1/31/20 10:01,3:04:16,2.464
1/31/20 10:50,2:27:18,1.012
1/2/20,1:27:57,0.623
2/2/20,2:54:47,0.608
3/2/20,3:20:37,2.68
3/2/20,4:52:45,2.024
3/2/20,2:06:47,0.805
3/2/20,5:10:52,4.102
4/2/20,2:04:57,0.807
4/2/20,7:07:46,5.71
4/2/20,4:35:53,1.796
4/2/20,3:55:38,1.599
5/2/20,2:04:19,0.79
5/2/20,4:57:04,2.023
5/2/20,7:36:01,6.073
6/2/20,2:02:45,0.79
6/2/20,4:50:19,1.989
6/2/20,2:29:36,1.008
7/2/20,2:16:51,0.915
10/2/20,2:06:01,0.806
10/2/20,5:39:25,4.534
11/2/20,2:04:58,0.806
11/2/20,2:41:28,1.556
11/2/20,3:43:22,2.97
11/2/20,0:00:00,0
11/2/20,3:25:19,2.696
11/2/20,4:46:24,1.97
11/2/20,1:34:31,0.674
12/2/20,4:24:05,1.886
12/2/20,4:35:28,3.651
2/13/20 8:23,2:05:16,0.81
2/13/20 8:25,1:14:15,0.983
2/13/20 8:51,5:03:06,1.969
2/13/20 9:34,4:48:49,1.996
2/13/20 11:36,4:54:41,3.963
2/14/20 9:05,0:00:35,0.004
2/14/20 9:08,6:48:07,5.253
2/14/20 10:06,3:44:28,1.598
2/17/20 9:59,3:00:08,1.255
2/17/20 10:02,4:24:32,1.8
2/17/20 12:17,2:05:48,0.799
2/17/20 12:24,1:35:39,0.659
2/18/20 8:47,2:05:14,0.809
2/18/20 10:14,3:58:04,1.697
2/18/20 11:15,4:58:43,1.983
2/18/20 12:12,0:00:00,0
2/19/20 8:57,4:52:56,2.007
2/19/20 9:20,3:55:49,3.087
2/20/20 8:05,2:04:49,0.796
2/20/20 8:35,3:37:51,2.868
2/20/20 8:51,5:31:40,2.084
2/20/20 9:59,4:25:09,1.837
2/21/20 9:19,3:11:28,2.519
2/21/20 9:45,2:02:17,0.783
2/21/20 10:03,3:30:57,1.5
2/22/20 9:31,2:00:04,0.776
2/22/20 20:15,1:20:15,0.571
2/24/20 9:06,5:38:50,4.501
2/24/20 9:11,4:35:02,1.937
2/24/20 10:02,2:09:40,0.853
2/24/20 11:40,2:07:46,0.815
2/25/20 8:32,4:49:03,1.98
2/25/20 10:02,3:46:54,1.554
2/25/20 10:09,6:38:30,5.39
2/26/20 8:42,2:02:26,0.79
2/26/20 8:58,4:29:28,1.924
2/27/20 8:34,2:04:04,0.804
2/27/20 9:56,4:53:49,1.947
2/27/20 10:22,4:08:34,1.767
2/28/20 8:22,2:03:13,0.795
2/28/20 10:04,3:56:43,3.163
2/28/20 10:17,4:36:31,1.944
2/29/20 17:57,2:53:36,0.672
2/3/20,4:36:28,1.903
2/3/20,4:20:21,3.449
2/3/20,4:53:57,3.905
2/3/20,4:36:35,1.922
2/3/20,2:06:37,0.807
3/3/20,2:03:21,0.789
3/3/20,4:34:12,1.926
3/3/20,2:06:40,1.685
3/3/20,4:39:45,1.947
3/3/20,2:26:25,1.964
4/3/20,8:41:20,7.018
4/3/20,4:39:21,1.958
5/3/20,2:01:40,0.784
5/3/20,4:46:01,1.974
5/3/20,3:54:02,1.67
6/3/20,2:02:00,0.787
6/3/20,4:26:25,1.9
6/3/20,2:22:19,1.841
7/3/20,2:02:21,0.788
7/3/20,1:04:17,0.459
9/3/20,2:01:31,0.779
9/3/20,4:27:03,1.883
9/3/20,3:22:45,2.677
9/3/20,3:56:23,1.679
10/3/20,1:59:41,0.771
10/3/20,2:51:43,1.161
10/3/20,4:39:28,1.983
12/3/20,2:07:39,0.816
3/13/20 8:47,2:04:41,0.805
3/13/20 10:10,3:27:13,1.399
3/16/20 9:49,2:40:35,1.139
3/16/20 9:57,2:40:03,1.72
3/16/20 16:52,1:36:44,0.609
3/20/20 10:04,3:30:10,1.731
3/23/20 17:39,2:15:27,1.69
3/26/20 19:17,1:53:07,1.469
3/28/20 11:51,2:17:26,0.987
5/22/20 11:46,1:29:58,0.643
5/22/20 15:35,0:54:46,0.729
5/25/20 11:54,0:41:28,0.295
5/26/20 11:59,1:25:42,0.611
5/27/20 9:44,2:42:04,1.161
5/28/20 12:08,0:49:20,0.351
5/29/20 11:54,1:26:02,0.613
5/29/20 13:22,0:09:10,0.065
2/6/20,1:39:05,1.056
3/6/20,3:15:04,1.394
3/6/20,6:47:47,5.144
4/6/20,0:54:50,0.39
5/6/20,2:28:06,1.055
6/6/20,4:04:43,2.961
6/6/20,1:07:38,0.626
8/6/20,1:26:50,0.622
9/6/20,3:10:04,1.355
10/6/20,3:00:38,1.288
11/6/20,3:08:45,1.35
12/6/20,3:56:43,1.686
12/6/20,3:41:34,2.847
6/13/20 15:12,0:32:29,0.438
6/13/20 17:25,3:01:59,1.901
6/15/20 11:07,3:58:42,1.695
6/16/20 11:26,3:26:48,1.477
6/17/20 9:12,2:19:43,1.516
6/17/20 9:49,5:04:13,2.077
6/18/20 12:07,2:51:21,1.228
6/19/20 11:25,3:41:22,1.59
6/19/20 16:58,1:42:51,1.338
6/22/20 11:17,3:38:40,1.57
6/23/20 11:21,3:40:44,1.586
6/24/20 9:55,4:57:11,2.016
6/24/20 15:03,0:00:00,0
6/25/20 11:27,3:19:33,1.411
6/27/20 11:45,3:06:53,1.334
6/28/20 11:27,3:17:33,1.419
6/29/20 11:30,3:51:18,1.667
6/30/20 11:26,3:33:13,1.528
1/7/20,4:54:38,2.044
2/7/20,3:29:54,1.514
5/7/20,1:42:58,1.373
5/7/20,4:45:14,2
6/7/20,4:05:29,1.768
6/7/20,1:45:20,1.305
7/7/20,3:23:50,1.467
8/7/20,4:41:32,2.02
9/7/20,3:25:06,1.481
10/7/20,3:34:39,1.541
11/7/20,3:16:47,1.411
12/7/20,4:18:58,1.853
7/13/20 9:37,4:55:43,2.054
7/14/20 11:29,2:10:37,0.937
7/15/20 9:59,3:27:37,1.49
7/16/20 10:01,4:20:23,1.785
7/16/20 11:59,1:57:57,0.847
7/17/20 11:28,3:26:48,1.485
7/17/20 17:23,2:15:37,1.711
7/20/20 11:21,4:15:21,1.83
7/21/20 11:36,2:30:27,1.076
7/22/20 9:49,4:13:23,1.82
7/23/20 11:22,2:38:41,1.14
7/24/20 11:23,3:30:56,1.511
7/25/20 18:21,1:46:29,1.332
7/27/20 11:22,2:29:05,1.072
7/28/20 11:03,2:41:31,1.156
7/29/20 9:53,4:41:50,2.013
7/29/20 14:52,0:04:36,0.032
7/30/20 11:04,2:56:43,1.265
7/31/20 10:59,3:17:36,1.417
3/8/20,3:16:53,1.414
4/8/20,3:04:24,1.323
5/8/20,4:33:17,1.957
5/8/20,4:22:11,1.817
6/8/20,3:07:42,1.34
7/8/20,2:44:40,1.18
8/8/20,3:47:16,1.626
10/8/20,3:52:51,1.673
12/8/20,4:39:30,1.99
8/13/20 10:38,4:09:48,1.797
8/13/20 13:13,4:34:37,1.931
8/18/20 10:57,4:36:53,1.979
8/18/20 12:49,4:51:55,2.029
8/18/20 13:16,5:06:13,4.04
8/19/20 9:52,4:33:12,1.952
8/20/20 10:56,3:26:20,1.477
8/21/20 11:06,3:26:01,1.475
8/22/20 11:12,3:02:13,1.309
8/24/20 11:05,4:06:23,1.763
8/25/20 11:32,3:01:09,1.296
8/25/20 13:18,4:32:48,1.911
8/26/20 8:07,5:01:09,2.059
8/27/20 11:04,3:49:03,1.638
8/28/20 9:49,5:20:25,3.629
8/28/20 10:57,2:56:52,1.268
8/31/20 10:26,4:44:54,1.989
8/31/20 12:20,4:22:17,1.825
1/9/20,3:59:39,1.713
2/9/20,4:45:13,1.979
3/9/20,4:03:22,1.743
4/9/20,4:07:59,1.772
4/9/20,5:17:48,4.207
4/9/20,0:00:00,0
4/9/20,0:00:00,0
4/9/20,0:00:00,0
4/9/20,0:01:41,0.018
5/9/20,4:37:57,1.947
7/9/20,4:22:58,1.874
8/9/20,4:34:00,3.585
8/9/20,2:16:55,0.973
9/9/20,4:44:53,1.992
9/9/20,1:05:25,0.861
9/9/20,0:38:01,0.267
9/9/20,2:39:27,2.125
10/9/20,1:58:45,0.845
10/9/20,1:17:26,0.554
10/9/20,1:41:02,0.64
10/9/20,1:48:41,1.401
11/9/20,3:39:19,1.582
12/9/20,3:18:46,1.4
12/9/20,4:18:57,1.843
12/9/20,1:44:37,1.398
9/13/20 11:06,3:33:48,1.534
9/13/20 13:46,2:15:05,1.782
9/13/20 20:00,3:24:07,2.689
9/14/20 9:15,4:31:57,1.9
9/14/20 10:52,2:50:13,1.208
9/15/20 11:18,2:57:31,1.274
9/16/20 10:02,3:48:26,1.639
9/17/20 11:08,3:03:04,1.31
9/18/20 11:16,2:36:08,1.119
9/18/20 11:27,1:16:04,0.995
9/18/20 13:37,4:36:28,1.95
9/20/20 21:13,3:52:44,3.061
9/21/20 9:10,4:41:00,1.96
9/21/20 11:03,3:03:55,1.308
9/22/20 11:08,2:58:11,1.261
9/23/20 9:55,3:41:24,1.584
9/24/20 11:13,2:34:28,1.107
9/25/20 9:16,4:40:39,1.965
9/25/20 11:04,3:14:49,1.394
9/26/20 15:44,1:11:14,0.949
9/26/20 17:32,4:52:50,3.874
9/27/20 20:13,5:12:59,4.218
9/28/20 9:26,4:06:19,1.803
9/28/20 11:17,2:45:54,1.185
9/29/20 11:06,3:00:51,1.296
9/30/20 9:47,4:18:45,1.848
9/30/20 16:31,2:04:48,1.608
1/10/20,3:01:38,1.307
2/10/20,4:26:53,1.887
2/10/20,2:28:45,1.062
3/10/20,2:53:08,1.241
4/10/20,3:22:04,1.442
5/10/20,4:25:47,1.896
5/10/20,3:05:30,1.325
6/10/20,3:16:10,1.407
7/10/20,4:14:43,1.747
8/10/20,3:05:08,1.315
9/10/20,3:30:49,1.511
9/10/20,2:23:10,1.026
9/10/20,2:08:10,1.69
11/10/20,2:48:06,1.142
11/10/20,6:00:57,4.797
12/10/20,4:26:47,1.897
12/10/20,2:46:25,1.194
10/13/20 11:06,2:59:28,1.279
10/14/20 9:53,3:49:30,1.641
10/15/20 10:58,2:58:10,1.272
10/15/20 22:59,6:13:53,4.944
10/16/20 11:06,2:56:25,1.26
10/17/20 11:26,2:41:31,1.152
10/18/20 11:03,0:16:03,0.111
10/18/20 12:10,1:50:12,0.787
10/18/20 20:31,4:27:12,3.53
10/19/20 11:18,1:19:06,0.567
10/20/20 8:53,4:16:52,1.833
10/21/20 9:48,4:37:17,1.947
10/22/20 11:19,1:25:27,0.609
10/23/20 10:38,3:50:52,1.711
10/23/20 11:07,3:21:18,1.434
10/23/20 16:48,0:53:06,0.697
10/23/20 20:55,5:19:19,4.185
10/24/20 10:57,3:19:54,1.429
10/24/20 14:32,0:52:59,0.63
10/25/20 11:08,3:53:53,1.603
10/25/20 15:04,0:43:39,0.569
10/25/20 20:02,1:11:38,0.853
10/26/20 10:28,4:12:23,1.718
10/26/20 10:46,3:14:16,1.37
10/26/20 14:52,1:19:50,0.925
10/27/20 10:34,3:54:56,1.675
10/27/20 20:58,1:07:40,0.835
10/28/20 9:55,4:24:24,1.836
10/29/20 10:35,3:59:59,1.717
10/30/20 8:46,4:37:18,1.948
10/30/20 9:50,2:18:54,1.827
2/11/20,4:24:29,1.857
2/11/20,3:08:27,2.486
3/11/20,3:52:31,1.661
4/11/20,3:17:55,1.382
5/11/20,4:12:23,1.805
6/11/20,1:11:25,0.944
6/11/20,17:05:38,4.546
7/11/20,0:18:40,0.252
7/11/20,3:08:42,0.429
9/11/20,4:11:27,1.8
9/11/20,3:59:28,1.715
10/11/20,4:24:10,1.881
10/11/20,0:13:45,0.182
11/11/20,4:58:01,2.038
11/11/20,1:45:04,0.728
12/11/20,3:57:02,1.679
12/11/20,0:00:56,0.006
11/13/20 8:56,4:30:52,1.913
11/13/20 10:45,3:45:30,1.617
11/13/20 21:05,7:05:16,0.961
11/14/20 11:31,3:30:16,1.502
11/14/20 16:33,10:42:55,4.288
11/15/20 11:39,3:03:27,1.309
11/15/20 11:51,1:53:55,0.752
11/16/20 10:44,4:23:50,1.879
11/17/20 10:37,3:35:23,1.462
11/18/20 9:40,4:09:22,1.772
11/18/20 20:57,5:26:54,4.335
11/19/20 10:38,4:03:17,1.743
11/20/20 10:38,3:55:22,1.685
11/23/20 9:06,4:34:15,1.931
11/23/20 10:39,3:53:28,1.631
11/24/20 9:01,0:00:00,0
11/24/20 9:01,2:00:11,0.505
11/24/20 9:49,4:15:38,1.808
11/26/20 11:33,3:36:18,1.548
11/27/20 11:29,3:38:59,1.565
11/28/20 11:05,4:04:33,1.752
11/29/20 13:07,4:45:13,1.964
11/30/20 10:22,4:14:23,1.811
1/12/20,4:07:47,1.772
1/12/20,0:00:00,0
1/12/20,3:10:48,0.702
2/12/20,3:08:41,1.349
3/12/20,3:59:05,1.675
4/12/20,4:12:01,1.774
4/12/20,0:00:00,0
7/12/20,3:33:42,1.538
8/12/20,4:03:55,1.759
9/12/20,3:59:00,1.723
10/12/20,3:29:34,1.494
11/12/20,3:48:47,1.62
12/14/20 10:33,4:15:53,1.818
12/15/20 10:44,3:43:56,1.596
12/16/20 9:32,4:51:50,2.007
12/17/20 10:34,4:42:35,1.96
12/18/20 10:52,4:24:56,1.878
12/19/20 10:52,4:00:21,1.655
12/19/20 11:07,0:55:18,0.697
12/19/20 12:05,0:01:41,0.02
12/20/20 9:29,4:51:01,1.997
12/21/20 10:43,3:59:02,1.707
12/22/20 10:44,4:17:12,1.833
12/23/20 9:31,3:11:37,1.367
12/25/20 10:44,4:23:11,1.888
12/26/20 10:50,4:05:16,1.754
12/28/20 10:46,3:59:42,1.711
12/29/20 10:45,3:29:22,1.491
12/30/20 9:37,4:54:59,2.045
12/30/20 14:10,4:49:03,1.999
12/31/20 10:51,3:54:15,1.683
1/1/21,4:26:07,1.893
2/1/21,1:48:25,0.696
2/1/21,0:00:00,0
4/1/21,4:03:23,1.741
5/1/21,3:51:16,1.651
6/1/21,5:02:06,2.052
7/1/21,4:45:56,1.996
8/1/21,3:55:28,1.684
9/1/21,4:44:55,1.985
11/1/21,4:27:04,1.896
11/1/21,3:44:07,1.594
12/1/21,3:53:17,1.663
1/13/21 9:37,4:42:05,1.98
1/14/21 10:38,4:06:39,1.762
1/15/21 9:53,7:12:29,5.76
1/15/21 10:46,3:50:42,1.649
1/16/21 11:07,2:09:57,0.922
1/16/21 13:15,1:01:39,0.785
1/17/21 10:48,2:12:25,0.946
1/18/21 10:40,3:59:32,1.7
1/19/21 10:50,3:50:21,1.645
1/20/21 9:41,5:02:41,2.025
1/20/21 11:11,0:56:17,0.383
1/21/21 10:42,4:04:45,1.751
1/22/21 9:02,4:50:05,1.977
1/25/21 10:42,4:39:18,1.973
1/26/21 10:46,4:40:23,1.973
1/27/21 9:37,4:57:52,2.049
1/28/21 11:00,4:22:02,1.884
1/29/21 9:00,4:32:15,1.925
1/29/21 10:31,4:51:35,2.027
1/2/21,4:38:36,1.974
2/2/21,4:37:39,1.956
2/2/21,1:44:40,0.698
3/2/21,4:49:48,2.005
3/2/21,0:43:13,0.385
4/2/21,2:04:27,0.892
5/2/21,4:49:55,1.974
5/2/21,5:00:05,2.064
6/2/21,3:06:28,1.326
7/2/21,3:36:59,1.548
8/2/21,4:55:26,2.037
8/2/21,0:07:46,0.051
10/2/21,0:00:00,0
11/2/21,2:01:00,0.771
12/2/21,2:48:09,1.209
2/13/21 10:50,2:49:32,1.215
2/14/21 11:00,2:38:23,1.139
2/15/21 10:41,5:02:32,2.114
2/16/21 10:51,3:37:26,1.49
2/17/21 9:42,4:16:44,1.79
2/17/21 16:41,0:27:30,0.187
2/18/21 10:50,4:18:18,1.853
2/18/21 12:37,1:35:59,0.503
2/19/21 9:23,4:25:39,1.82
2/19/21 11:01,4:29:50,1.927
2/20/21 11:18,3:55:03,1.681
2/21/21 11:14,2:31:55,1.083
2/22/21 10:45,4:52:50,2.019
2/23/21 10:28,4:28:47,1.915
2/24/21 9:44,4:41:50,1.972
2/25/21 10:55,3:41:56,1.583
2/26/21 9:26,4:10:52,1.787
1/3/21,4:12:41,1.805
1/3/21,0:00:00,0
1/3/21,0:00:00,0
1/3/21,0:30:13,0.271
2/3/21,4:48:33,1.999
3/3/21,4:41:11,1.965
3/3/21,1:48:30,0.735
3/3/21,3:19:29,0.748
4/3/21,4:10:20,1.778
5/3/21,4:28:10,1.908
5/3/21,4:34:12,1.955
6/3/21,0:10:53,0.078
8/3/21,4:40:17,1.969
8/3/21,0:20:54,0.269
9/3/21,4:17:26,1.828
10/3/21,4:37:30,1.947
10/3/21,0:07:50,0.052
10/3/21,0:15:50,0.208
11/3/21,3:44:06,1.594
12/3/21,4:20:07,1.845
3/20/21 16:46,1:03:55,0.848
3/21/21 10:01,3:17:36,1.066
3/22/21 9:24,4:08:46,1.759
3/22/21 10:38,3:54:36,0.716
3/24/21 10:16,3:32:26,0.484
1/4/21,4:03:48,1.718
2/4/21,0:00:00,0
2/4/21,0:00:00,0
3/4/21,1:26:25,1.148
9/4/21,0:00:14,0.001
9/4/21,0:51:42,0.694
9/4/21,4:12:50,1.791
12/4/21,0:54:21,0.708
4/13/21 16:50,0:49:05,0.638
4/15/21 13:22,1:50:52,1.18
4/15/21 16:51,1:22:19,1.056
4/17/21 11:26,3:50:59,2.115
4/22/21 9:57,2:10:20,0.27
4/24/21 14:31,0:56:44,0.74
4/24/21 17:32,0:00:00,0
4/27/21 10:39,1:31:56,1.175
4/27/21 11:23,2:28:36,1.047
4/28/21 16:09,3:53:17,2.211
4/30/21 16:16,0:00:00,0
4/30/21 16:18,0:00:00,0
4/30/21 16:23,0:00:00,0
4/30/21 16:29,0:00:00,0
4/30/21 16:30,0:00:00,0
4/30/21 16:43,0:00:00,0
4/30/21 16:44,0:00:00,0
1/5/21,1:56:44,1.283
2/5/21,1:44:10,1.178
6/5/21,7:47:14,5.969
11/5/21,0:00:00,0
11/5/21,0:49:54,0.657
5/18/21 10:17,4:31:24,3.493
5/19/21 10:06,1:09:20,0.867
5/20/21 9:24,5:37:40,4.373
5/25/21 9:22,4:41:20,1.858
5/26/21 14:03,2:48:14,2.186
5/29/21 12:40,2:52:37,1.683
5/29/21 14:27,0:15:29,0.197
5/31/21 11:39,0:00:02,0
5/31/21 11:48,1:00:35,0.456
5/31/21 12:08,0:00:00,0
5/31/21 13:07,1:57:15,1.503
1/6/21,4:59:06,2.073
5/6/21,6:05:02,4.111
5/6/21,0:00:00,0
5/6/21,0:00:00,0
5/6/21,0:00:00,0
5/6/21,0:00:00,0
7/6/21,4:00:46,2.348
10/6/21,5:22:53,4.132
11/6/21,1:35:52,0.642
11/6/21,0:46:14,0.321
12/6/21,4:08:52,1.21
12/6/21,1:52:52,1.48
6/14/21 11:00,0:16:38,0.118
6/14/21 14:42,1:07:33,0.471
6/19/21 6:57,0:00:00,0
6/19/21 6:58,0:01:14,0.014
6/19/21 14:57,2:15:13,1.767
6/21/21 9:10,4:04:54,1.663
6/21/21 17:55,0:42:52,0.353
6/24/21 12:14,2:57:50,1.629
6/30/21 10:57,4:21:04,3.488
1/7/21,0:33:30,0.438
2/7/21,2:00:29,0.859
2/7/21,3:10:13,1.315
7/7/21,3:54:10,3.086
8/7/21,2:03:35,1.545
8/7/21,3:43:53,2.983
9/7/21,1:22:32,1.105
7/20/21 9:45,1:50:44,1.383
7/23/21 13:31,2:27:15,1.66
7/24/21 17:01,1:46:59,0.759
7/27/21 13:40,1:55:07,0.758
7/28/21 9:42,4:05:23,1.755
7/29/21 9:10,4:12:03,2.653
7/29/21 10:07,0:00:55,0.011
7/29/21 10:09,5:46:59,4.606
7/29/21 18:08,1:16:13,0.969
7/30/21 8:13,1:29:24,1.099
7/30/21 11:33,4:31:22,3.574
5/8/21,3:24:26,2.274
5/8/21,4:21:32,3.451
8/15/21 11:30,1:21:20,1.073
8/15/21 14:07,0:00:00,0
8/17/21 9:17,7:16:25,5.705
8/20/21 10:52,1:59:36,1.576
8/21/21 12:15,4:33:54,2.821
8/25/21 11:20,0:02:29,0.027
8/25/21 11:21,0:00:00,0
8/25/21 11:23,4:15:46,3.394
8/27/21 12:29,4:23:55,3.505
8/28/21 11:29,1:50:01,0.781
8/29/21 12:14,0:26:18,0.345
1/9/21,3:01:41,2.407
2/9/21,3:59:03,1.71
2/9/21,2:09:02,1.353
2/9/21,0:53:53,0.415
5/9/21,0:24:54,0.312
5/9/21,0:36:49,0.459
8/9/21,2:10:21,1.63
9/9/21,1:48:03,1.34
10/9/21,3:15:26,2.566
9/13/21 8:14,2:03:13,0.79
9/13/21 12:15,4:14:50,1.759
9/15/21 9:32,7:04:19,4.26
9/15/21 9:43,1:19:45,1.028
9/16/21 8:12,2:18:57,0.969
9/16/21 10:01,0:30:58,0.365
9/17/21 11:07,1:48:08,1.448
9/17/21 13:16,1:14:30,0.895
9/19/21 17:29,4:13:48,3.392
9/20/21 17:11,1:07:42,0.911
9/21/21 8:52,4:00:06,1.67
9/21/21 10:29,0:30:03,0.395
9/21/21 10:30,0:00:00,0
9/23/21 8:54,3:22:18,1.443
9/23/21 12:51,4:27:45,3.555
9/24/21 13:28,0:41:37,0.537
9/26/21 13:11,0:00:00,0
9/26/21 13:15,3:09:16,2.537
9/28/21 9:13,4:42:19,1.946
9/30/21 8:53,1:07:03,0.886
9/30/21 11:23,1:26:41,0.357
4/10/21,4:43:06,1.965
5/10/21,4:12:00,1.749
5/10/21,5:26:06,4.304
7/10/21,4:40:38,1.947
11/10/21,1:25:41,0.334
11/10/21,4:10:15,1.723
11/10/21,0:00:00,0
12/10/21,4:11:00,1.723
10/13/21 13:20,1:48:49,1.34
10/13/21 13:39,1:22:35,0.325
10/14/21 8:52,4:25:16,1.874
10/15/21 11:47,4:39:25,1.8
10/16/21 17:32,1:58:59,1.571
10/17/21 19:46,0:00:00,0
10/17/21 19:50,0:41:34,0.543
10/18/21 9:44,2:00:11,0.768
10/18/21 10:13,0:05:02,0.064
10/18/21 10:19,0:00:00,0
10/19/21 9:13,4:40:31,1.945
10/21/21 9:43,4:01:52,1.72
10/22/21 12:33,2:18:18,1.841
10/23/21 17:19,1:11:01,0.917
10/25/21 9:11,1:06:29,0.835
10/25/21 12:08,5:11:55,4.142
10/25/21 12:24,0:00:00,0
10/25/21 12:31,0:00:00,0
10/25/21 12:48,0:00:00,0
10/25/21 12:57,0:00:00,0
10/25/21 13:19,4:15:59,3.329
10/26/21 9:06,4:36:07,1.944
10/27/21 8:01,1:59:14,0.76
10/28/21 9:14,4:19:07,1.83
10/29/21 8:38,2:00:11,1.603
10/29/21 14:25,3:51:59,2.798
10/30/21 11:07,3:09:54,1.988
10/30/21 14:00,2:04:29,1.661
1/11/21,1:59:06,0.758
1/11/21,4:35:42,1.922
1/11/21,2:08:24,1.713
2/11/21,4:20:51,1.836
4/11/21,3:22:37,2.601
4/11/21,1:34:23,1.258
5/11/21,1:34:04,1.123
5/11/21,2:03:48,1.497
6/11/21,3:13:46,2.608
6/11/21,2:51:25,1.376
9/11/21,4:19:43,1.838
11/11/21,4:22:10,1.848
11/15/21 9:45,6:58:04,5.546
11/15/21 13:30,4:25:25,1.866
11/16/21 9:47,4:30:41,1.913
11/16/21 10:42,2:26:59,0.998
11/16/21 11:08,2:00:55,0.696
11/17/21 13:11,4:31:21,1.908
11/18/21 9:18,4:49:41,1.985
11/18/21 10:20,4:45:25,3.833
11/18/21 19:47,7:35:59,5.279
11/19/21 17:29,1:28:36,0.597
11/22/21 12:09,0:06:48,0.048
11/25/21 8:09,2:06:57,1.691
11/25/21 10:17,0:00:00,0
11/25/21 10:17,0:00:00,0
11/25/21 10:32,7:34:10,6.065
11/27/21 10:05,2:48:14,2.226
2/12/21,2:09:50,1.574
2/12/21,7:42:49,5.318
6/12/21,1:38:31,1.305
7/12/21,7:30:24,6.083
7/12/21,2:48:18,2.199
8/12/21,0:05:03,0.064
8/12/21,3:43:05,3.018
8/12/21,9:08:51,6.458
12/13/21 9:23,1:56:09,0.737
12/13/21 9:24,1:53:08,1.507
12/13/21 9:28,4:23:27,1.863
12/14/21 9:32,5:06:52,4.144
12/15/21 12:57,1:55:39,1.563
12/16/21 9:39,4:49:36,1.941
12/16/21 19:36,8:34:57,5.547
12/18/21 12:21,7:21:59,5.978
12/20/21 9:02,3:38:35,2.791
12/20/21 14:13,1:39:29,1.328
12/29/21 13:36,0:35:04,0.236
3/1/22,4:30:02,3.648
3/1/22,1:07:25,0.836
4/1/22,2:15:43,1.809
4/1/22,1:19:40,1.026
4/1/22,8:37:44,6.571
5/1/22,4:39:44,1.843
5/1/22,2:06:06,1.699
5/1/22,2:32:51,2.051
6/1/22,10:20:13,6.598
7/1/22,5:23:14,4.381
9/1/22,0:24:34,0.322
10/1/22,5:01:44,2.029
10/1/22,6:05:12,3.925
10/1/22,5:51:51,4.694
10/1/22,5:56:43,3.497
11/1/22,4:46:35,3.37
11/1/22,0:20:18,0.269
12/1/22,4:37:37,1.955
12/1/22,7:40:56,5.231
1/17/22 12:32,4:08:17,1.785
1/17/22 17:59,1:43:54,1.386
1/18/22 19:00,0:02:05,0.011
1/18/22 19:04,0:19:19,0.131
1/18/22 20:21,7:40:55,4.952
1/19/22 9:05,5:19:36,2.09
1/20/22 7:23,7:11:34,5.327
1/20/22 9:12,0:04:45,0.065
1/20/22 9:42,4:27:24,3.502
1/20/22 19:29,6:30:58,3.766
1/21/22 9:20,5:47:25,3.934
1/22/22 13:21,2:08:14,1.731
1/23/22 14:24,0:23:59,0.32
1/24/22 9:07,5:03:29,4.061
1/26/22 11:51,1:38:00,1.281
1/26/22 13:06,3:15:33,1.389
1/26/22 13:42,0:47:36,0.62
1/28/22 9:02,5:24:08,4.328
1/28/22 9:34,2:21:51,1.002
1/2/22,3:10:24,2.524
2/2/22,3:02:30,2.447
2/2/22,0:00:00,0
2/2/22,3:59:56,1.701
2/2/22,0:00:00,0
2/2/22,0:00:00,0
2/2/22,0:00:00,0
2/2/22,0:32:37,0.436
2/2/22,0:32:05,0.421
3/2/22,6:56:42,5.637
4/2/22,5:37:31,4.303
6/2/22,2:01:55,1.623
8/2/22,4:07:01,3.347
9/2/22,4:26:35,1.887
9/2/22,4:42:52,3.762
11/2/22,5:05:23,3.911
11/2/22,10:06:41,6.587
2/14/22 10:48,4:54:19,1.993
2/14/22 17:10,0:00:00,0
2/14/22 17:12,1:16:22,1.018
2/16/22 10:27,4:27:04,1.886
2/17/22 11:50,2:33:00,2.059
2/18/22 15:18,0:51:53,0.695
2/21/22 9:22,5:05:35,2.028
2/21/22 18:22,7:59:44,5.389
2/22/22 10:05,2:34:55,0.861
2/23/22 9:29,5:06:32,4.043
2/23/22 12:24,3:56:16,1.679
2/23/22 16:40,8:05:24,4.984
2/24/22 12:00,4:26:11,3.534
2/28/22 9:06,4:29:22,1.895
2/3/22,4:39:50,1.949
4/3/22,3:15:29,2.605
7/3/22,4:41:48,1.95
8/3/22,0:00:00,0
8/3/22,2:04:17,1.657
8/3/22,8:40:16,5.987
9/3/22,5:05:53,2.002
9/3/22,7:35:54,4.826
3/14/22 9:03,4:47:36,1.989
3/15/22 19:29,6:21:11,3.948
3/17/22 0:05,5:01:55,3.013
3/17/22 18:41,1:53:50,0.725
3/22/22 14:59,0:37:40,0.499
3/23/22 21:10,6:08:06,3.824
3/28/22 9:02,4:37:32,1.944
3/28/22 14:08,0:00:00,0
3/29/22 9:19,5:51:25,4.681
3/30/22 9:11,4:35:33,1.936
3/30/22 16:19,0:20:29,0.256
3/30/22 23:12,8:20:35,6.209
1/4/22,4:30:43,1.912
3/4/22,4:14:35,2.292
4/4/22,4:38:59,1.958
6/4/22,4:30:57,1.905
7/4/22,0:00:03,0
7/4/22,0:00:03,0
8/4/22,2:49:13,1.204
9/4/22,5:11:42,4.139
10/4/22,8:23:19,5.734
11/4/22,4:39:50,1.956
11/4/22,2:12:26,1.719
4/13/22 0:53,7:03:32,5.65
4/13/22 9:00,4:31:46,1.924
4/13/22 12:24,2:46:54,2.214
4/13/22 20:01,1:18:17,1.028
4/14/22 8:32,5:49:17,3.852
4/15/22 9:48,4:28:20,1.878
4/15/22 17:32,0:59:33,0.774
4/16/22 14:15,0:00:00,0
4/16/22 14:22,0:46:36,0.321
4/16/22 16:55,1:39:04,0.609
4/17/22 12:17,0:00:00,0
4/17/22 12:17,0:51:26,0.35
4/17/22 19:18,6:23:49,4.273
4/18/22 8:47,4:47:46,1.938
4/18/22 12:15,2:44:16,2.157
4/19/22 23:29,2:54:39,0.782
4/20/22 9:00,4:32:06,1.909
4/20/22 9:22,3:42:22,2.064
4/20/22 23:00,0:46:44,0.059
4/21/22 8:24,2:01:27,0.775
4/21/22 11:51,4:33:04,1.918
4/22/22 8:43,4:25:40,1.87
4/22/22 9:21,0:00:00,0
4/22/22 9:25,0:17:04,0.23
4/22/22 13:00,1:16:45,1.007
4/22/22 13:43,2:08:34,1.714
4/22/22 15:31,0:00:00,0
4/22/22 15:34,0:54:42,0.716
4/22/22 20:59,7:06:54,4.778
4/25/22 1:00,5:58:37,4.377
4/25/22 9:04,4:22:02,1.845
4/25/22 12:24,2:41:23,2.129
4/26/22 13:08,4:36:10,1.944
4/27/22 9:30,4:32:53,1.923
4/29/22 9:02,4:31:46,1.925
4/29/22 12:28,2:14:49,1.779
4/30/22 13:04,3:38:40,2.878
1/5/22,3:39:05,2.054
2/5/22,3:01:19,2.382
2/5/22,4:05:02,1.759
3/5/22,2:43:20,1.372
3/5/22,6:31:59,4.371
4/5/22,4:25:27,1.876
4/5/22,5:59:32,3.971
6/5/22,4:19:16,1.843
6/5/22,0:19:16,0.255
8/5/22,0:33:04,0.435
8/5/22,7:15:16,4.883
9/5/22,4:40:17,1.958
10/5/22,7:09:37,5.743
10/5/22,4:50:57,2.025
10/5/22,7:23:39,5.122
12/5/22,5:42:58,3.74
5/13/22 4:49,2:43:04,2.202
5/13/22 9:02,4:23:11,1.827
5/13/22 12:56,0:00:00,0
5/13/22 13:29,3:14:07,2.514
5/13/22 16:39,1:48:05,1.266
5/14/22 7:48,1:29:47,1.208
5/15/22 23:09,7:57:20,6.453
5/16/22 8:41,4:10:26,1.747
5/16/22 21:01,4:54:29,3.733
5/17/22 17:47,2:46:21,2.106
5/17/22 20:35,6:49:54,5.21
5/17/22 23:28,6:16:48,4.138
5/18/22 9:05,4:24:18,1.842
5/18/22 12:29,1:59:52,0.77
5/18/22 15:47,2:04:25,1.655
5/18/22 23:17,5:43:08,3.758
5/19/22 11:46,4:07:20,1.71
5/20/22 1:18,9:33:14,6.857
5/20/22 8:50,4:00:38,1.658
5/20/22 21:47,5:20:41,3.462
5/23/22 0:55,6:32:42,5.287
5/23/22 9:08,4:26:49,1.86
5/23/22 12:20,0:00:00,0
5/23/22 23:15,6:54:09,4.712
5/24/22 15:52,0:00:00,0
5/24/22 15:54,3:39:51,1.578
5/24/22 23:22,5:16:50,3.431
5/25/22 10:41,3:30:13,1.507
5/25/22 12:22,4:34:50,1.617
5/25/22 12:38,0:17:27,0.229
5/25/22 22:29,5:50:20,3.798
5/27/22 9:02,4:05:35,1.738
5/30/22 8:50,0:00:00,0
5/30/22 8:50,4:18:33,1.805
5/30/22 12:10,9:06:21,6.382
5/30/22 12:54,3:32:06,2.676
5/30/22 20:13,0:00:15,0.002
5/31/22 10:19,3:01:58,1.822
1/6/22,5:27:35,3.52
1/6/22,4:03:07,1.72
1/6/22,5:50:41,3.888
3/6/22,8:32:38,6.127
4/6/22,1:56:27,0.731
6/6/22,5:58:38,1.935
6/6/22,0:13:50,0.081
6/6/22,1:12:19,0.503
6/6/22,3:55:15,3.087
7/6/22,2:13:22,0.882
7/6/22,4:16:14,1.828
7/6/22,1:09:55,0.93
8/6/22,0:09:34,0.128
8/6/22,3:15:02,1.781
10/6/22,3:59:55,1.717
10/6/22,0:26:38,0.191
11/6/22,2:08:35,1.361
11/6/22,1:38:46,0.572
11/6/22,4:39:33,3.61
11/6/22,0:15:23,0.203
11/6/22,9:33:48,6.864
11/6/22,0:29:18,0.39
6/13/22 0:57,3:34:01,2.168
6/14/22 10:22,5:43:14,1.997
6/15/22 18:03,1:52:29,1.467
6/16/22 1:02,6:17:01,5.065
6/16/22 14:49,3:46:12,2.775
6/16/22 14:50,0:00:00,0
6/16/22 15:12,0:00:00,0
6/16/22 17:42,4:51:51,3.766
6/16/22 19:04,10:17:41,7.424
6/16/22 19:51,3:22:58,1.215
6/17/22 0:12,0:00:00,0
6/17/22 0:15,7:23:27,5.46
6/17/22 10:24,0:00:00,0
6/17/22 10:27,4:28:17,3.495
6/17/22 12:56,3:26:14,1.281
6/17/22 15:30,2:14:07,1.682
6/17/22 17:32,3:48:55,3.049
6/17/22 20:18,3:14:26,2.515
6/18/22 8:54,3:55:34,3.105
6/18/22 9:04,0:30:01,0.216
6/18/22 10:15,2:30:24,1.897
6/18/22 12:00,3:55:32,1.677
6/18/22 15:25,4:59:40,3.869
6/18/22 16:07,1:46:23,0.703
6/18/22 16:55,5:37:08,4.403
6/18/22 18:39,3:23:10,2.647
6/20/22 15:09,0:00:00,0
6/20/22 15:12,0:15:25,0.203
6/20/22 15:29,2:09:39,1.727
5/8/22,3:20:50,1.426
5/8/22,6:33:08,5.076
5/8/22,0:00:00,0
5/8/22,0:00:37,0.004
5/8/22,0:00:19,0.003
5/8/22,3:47:53,2.941
5/8/22,0:00:00,0
5/8/22,0:00:00,0
5/8/22,0:00:00,0
5/8/22,6:18:17,5.014
6/8/22,0:00:00,0
6/8/22,0:49:01,0.638
6/8/22,6:07:18,4.809
7/8/22,0:00:00,0
7/8/22,0:00:00,0
7/8/22,0:00:00,0
7/8/22,1:09:10,0.919
10/8/22,4:53:01,2.017
8/17/22 20:17,0:56:00,0.418
6/9/22,1:30:11,1.129
6/9/22,4:46:12,1.976
6/9/22,1:31:41,0.84
6/9/22,1:23:41,1.092
6/9/22,1:57:06,1.547
6/9/22,2:42:22,2.073
6/9/22,3:24:54,2.73
6/9/22,8:57:21,6.377
8/9/22,4:27:42,1.924
8/9/22,6:00:04,4.011
9/9/22,4:03:30,1.314
9/9/22,1:02:54,0.83
10/9/22,7:24:41,5.651
10/9/22,2:23:30,1.824
11/9/22,2:57:16,1.632
11/9/22,1:10:21,0.946
11/9/22,1:24:40,1.028
12/9/22,4:11:56,1.36
9/13/22 8:49,3:24:25,1.425
9/13/22 9:49,4:05:37,1.693
9/13/22 12:20,4:01:39,1.366
9/13/22 19:43,7:42:53,5.394
9/14/22 9:44,5:06:09,2.702
9/14/22 10:36,4:20:36,1.472
9/14/22 19:03,5:58:56,4.005
9/15/22 9:19,3:02:50,2.403
9/15/22 9:35,3:53:33,2.411
9/15/22 10:28,4:07:33,1.759
9/15/22 22:26,4:05:18,2.559
9/16/22 11:48,1:50:24,0.722
9/16/22 15:22,0:55:01,0.382
9/17/22 9:52,1:49:04,1.435
9/18/22 10:30,4:00:57,1.357
9/18/22 13:03,0:00:05,0
9/18/22 13:06,2:02:45,0.767
9/19/22 10:40,6:04:57,1.56
9/19/22 10:53,4:05:37,1.339
9/19/22 16:22,1:29:31,1.187
9/19/22 18:16,3:58:06,2.362
9/20/22 9:05,3:13:46,2.567
9/20/22 11:01,4:43:18,1.944
9/21/22 9:50,5:47:42,3.312
9/21/22 9:58,3:57:49,1.632
9/21/22 10:47,6:00:22,1.502
9/21/22 14:49,1:58:50,0.763
9/21/22 16:22,0:26:32,0.344
9/21/22 21:29,1:46:09,0.712
9/22/22 8:50,7:28:14,3.265
9/22/22 9:08,6:20:00,2.995
9/22/22 19:56,9:54:37,7.143
9/23/22 11:13,4:00:07,1.333
9/24/22 10:34,1:29:31,1.194
9/24/22 15:39,5:35:07,4.439
9/25/22 12:19,2:16:40,0.67
9/25/22 12:59,1:42:09,1.366
9/25/22 15:20,1:38:36,0.683
9/25/22 18:29,0:00:00,0
9/26/22 10:45,4:11:35,1.338
9/26/22 10:49,4:21:57,1.839
9/26/22 20:11,7:45:21,5.439
9/27/22 9:16,3:13:46,2.076
9/27/22 10:53,4:03:43,1.693
9/27/22 18:31,7:48:54,5.457
9/28/22 9:05,6:50:37,3.504
9/29/22 0:14,7:12:12,5.443
9/29/22 9:23,5:46:38,3.057
9/29/22 11:40,2:57:52,1.265
9/29/22 20:11,7:40:20,5.344
9/30/22 11:56,0:00:00,0
9/30/22 11:56,4:08:46,1.663
2/10/22,7:21:13,5.001
3/10/22,4:39:48,1.947
3/10/22,3:54:37,1.291
3/10/22,4:47:10,1.677
3/10/22,2:08:54,1.586
3/10/22,7:08:10,4.884
4/10/22,6:00:39,2.053
4/10/22,4:02:41,1.373
4/10/22,6:52:32,4.748
5/10/22,5:55:19,3.023
5/10/22,4:01:13,1.361
5/10/22,2:45:06,1.926
5/10/22,7:20:27,5.09
6/10/22,6:25:10,3.022
6/10/22,4:26:22,1.88
6/10/22,7:24:55,5.091
6/10/22,0:55:57,0.732
7/10/22,3:28:45,2.739
7/10/22,0:00:00,0
7/10/22,0:00:00,0
7/10/22,2:46:14,1.452
7/10/22,3:41:27,1.56
8/10/22,1:37:28,1.301
8/10/22,2:08:40,0.786
8/10/22,0:00:00,0
8/10/22,0:00:00,0
8/10/22,0:00:00,0
8/10/22,1:45:33,0.787
9/10/22,2:07:21,0.802
9/10/22,2:36:57,2.088
9/10/22,7:31:18,5.142
10/10/22,4:02:14,1.377
10/10/22,0:00:00,0
10/10/22,7:41:43,5.39
11/10/22,4:41:41,1.932
11/10/22,6:03:06,3.741
11/10/22,4:07:22,1.349
11/10/22,7:26:34,5.21
12/10/22,3:15:29,1.196
12/10/22,4:18:10,1.476
12/10/22,0:00:00,0
12/10/22,7:41:52,5.306
10/13/22 9:02,6:29:41,3.713
10/13/22 13:19,3:51:27,3.062
10/14/22 9:42,6:02:20,4.797
10/14/22 9:43,0:00:00,0
10/14/22 9:57,0:00:00,0
10/14/22 11:26,4:19:24,1.3
10/14/22 12:21,2:08:57,1.708
10/14/22 16:04,0:00:06,0
10/14/22 16:06,3:20:33,2.666
10/14/22 17:27,2:18:57,0.891
10/14/22 18:19,1:51:17,1.466
10/14/22 20:53,0:00:00,0
10/14/22 20:56,0:00:00,0
10/14/22 20:56,1:00:39,0.775
10/15/22 10:01,5:53:47,4.705
10/15/22 10:46,1:36:13,1.293
10/15/22 11:07,5:08:43,4.006
10/15/22 17:50,2:27:50,1.91
10/15/22 20:07,1:04:30,0.861
10/16/22 8:33,0:00:00,0
10/16/22 10:27,3:07:39,2.511
10/16/22 14:09,1:54:57,0.727
10/16/22 14:16,0:00:00,0
10/16/22 14:18,0:01:46,0.021
10/16/22 16:04,0:00:00,0
10/16/22 22:58,7:32:19,5.069
10/17/22 10:28,0:00:00,0
10/17/22 11:37,0:00:00,0
10/17/22 17:11,1:01:26,0.424
10/17/22 19:56,10:23:23,7.445
10/17/22 21:51,1:56:53,0.768
10/18/22 9:16,6:09:36,3.315
10/18/22 11:36,2:56:40,1.253
10/18/22 23:06,4:32:57,2.857
10/19/22 10:44,4:14:09,1.277
10/19/22 10:53,0:00:00,0
10/19/22 18:24,8:10:48,5.694
10/20/22 10:02,4:27:55,1.88
10/21/22 11:22,4:05:25,1.364
10/21/22 11:52,4:23:32,1.48
10/21/22 18:09,0:11:52,0.155
10/23/22 8:55,0:00:00,0
10/23/22 9:51,0:15:33,0.203
10/23/22 16:44,1:42:39,1.364
10/23/22 20:19,6:20:07,4.229
10/24/22 9:03,4:34:01,1.917
10/24/22 9:19,2:37:01,2.032
10/24/22 10:42,3:59:18,1.351
10/25/22 9:31,5:53:08,4.745
10/25/22 9:34,4:30:48,1.898
10/25/22 9:34,6:39:57,3.105
10/26/22 9:21,3:02:03,2.356
10/26/22 9:59,5:01:12,4.021
10/26/22 10:35,4:18:18,1.332
10/26/22 10:48,5:40:22,1.712
10/26/22 15:43,1:30:47,1.134
10/26/22 17:52,1:43:38,1.382
10/26/22 23:03,7:55:09,5.393
10/27/22 9:14,2:49:17,2.185
10/27/22 9:36,6:39:37,3.529
10/27/22 10:40,3:58:12,1.692
10/27/22 23:33,7:39:09,5.287
10/28/22 9:18,2:50:20,2.2
10/28/22 10:52,3:59:29,1.34
10/28/22 11:54,5:02:57,1.471
10/28/22 19:45,2:07:55,0.796
10/29/22 0:40,2:07:40,0.808
10/29/22 14:12,0:59:04,0.776
10/29/22 14:52,1:05:11,0.868
10/30/22 20:00,8:09:18,5.719
10/31/22 8:36,4:04:20,1.717
10/31/22 13:21,2:11:03,1.62
10/31/22 16:19,2:09:24,0.815
10/31/22 19:19,0:00:00,0
1/11/22,9:07:23,4.158
1/11/22,0:48:44,0.337
1/11/22,0:31:02,0.134
1/11/22,7:48:32,5.42
2/11/22,4:10:25,1.338
2/11/22,6:01:51,1.514
2/11/22,4:06:33,1.743
2/11/22,2:04:15,1.522
3/11/22,6:45:19,2.847
3/11/22,4:25:16,1.841
3/11/22,0:59:57,0.808
3/11/22,6:04:46,4.814
4/11/22,4:06:59,1.333
4/11/22,0:00:00,0
4/11/22,2:00:41,0.769
4/11/22,1:27:54,0.617
5/11/22,1:59:08,0.753
5/11/22,2:28:54,2.009
5/11/22,0:00:00,0
5/11/22,0:00:00,0
5/11/22,0:05:23,0.04
5/11/22,1:50:38,0.826
5/11/22,1:59:55,0.749
5/11/22,3:31:21,1.853
5/11/22,8:13:07,6.534
6/11/22,7:10:36,4.879
6/11/22,0:33:46,0.234
7/11/22,4:27:17,1.872
7/11/22,0:00:03,0
7/11/22,4:26:30,1.274
7/11/22,6:37:46,2.107
7/11/22,0:00:03,0
7/11/22,1:48:23,1.438
8/11/22,6:00:08,4.849
8/11/22,7:02:55,4.14
8/11/22,5:29:41,4.161
8/11/22,1:02:40,0.439
8/11/22,4:48:56,2.922
9/11/22,4:00:06,1.343
9/11/22,7:58:23,5.603
10/11/22,6:07:27,3.489
10/11/22,0:01:04,0.013
10/11/22,4:21:49,2.688
11/11/22,4:20:55,1.279
11/11/22,2:27:27,1.934
11/11/22,1:07:43,0.467
11/11/22,0:59:24,0.408
11/11/22,2:01:39,0.745
12/11/22,2:06:52,0.795
11/13/22 8:48,1:54:47,0.699
11/13/22 14:41,8:52:17,7.033
11/13/22 16:58,3:12:35,1.215
11/14/22 10:45,4:47:17,1.386
11/14/22 18:02,6:01:17,3.852
11/15/22 9:33,5:47:09,3.186
11/15/22 16:27,2:43:07,1.166
11/16/22 3:58,0:00:00,0
11/16/22 4:00,3:09:00,2.521
11/16/22 10:45,4:21:30,1.238
11/16/22 11:37,4:22:14,1.849
11/16/22 12:35,3:43:14,2.938
11/16/22 16:14,0:31:41,0.412
11/16/22 17:42,2:06:18,0.784
11/17/22 18:39,0:00:00,0
11/17/22 18:40,0:00:00,0
11/17/22 18:41,4:08:42,2.506
11/18/22 15:40,2:26:15,0.95
11/19/22 11:44,1:04:05,0.866
11/19/22 14:23,0:42:27,0.574
11/19/22 14:49,3:58:39,1.289
11/19/22 16:14,0:00:00,0
11/19/22 16:16,1:52:53,1.496
11/20/22 14:13,0:06:52,0.046
11/20/22 14:44,2:00:45,0.74
11/20/22 15:16,3:25:47,1.224
11/21/22 0:25,7:36:37,5.305
11/21/22 0:50,6:02:05,4.794
11/21/22 9:25,4:57:08,3.101
11/21/22 13:23,0:31:16,0.418
11/21/22 13:23,1:25:49,1.132
11/21/22 14:36,1:17:01,1.032
11/21/22 17:56,4:09:13,0.858
11/21/22 22:14,1:51:52,0.674
11/22/22 15:00,2:45:27,2.213
11/22/22 19:49,6:14:22,3.993
11/23/22 11:57,2:12:41,0.811
11/25/22 21:52,5:54:39,3.647
11/26/22 9:18,6:48:06,4.544
11/27/22 20:07,1:13:01,0.369
11/28/22 16:55,9:20:49,1.079
11/28/22 18:02,8:20:16,5.899
11/30/22 11:46,4:34:50,1.854
11/30/22 11:52,1:42:20,1.345
11/30/22 16:50,6:42:34,4.022
3/12/22,10:48:49,6.943
5/12/22,4:07:59,1.749
5/12/22,8:45:04,6.535
6/12/22,5:07:11,1.8
6/12/22,5:17:02,3.929
6/12/22,4:46:31,3.084
7/12/22,6:33:28,4.037
10/12/22,1:48:37,1.429
11/12/22,0:00:00,0
12/12/22,2:37:37,2.057
12/12/22,2:14:21,0.827
12/12/22,6:17:23,4.153
12/14/22 1:08,6:44:01,5.388
12/14/22 9:02,4:42:33,2.662
12/14/22 11:53,0:46:02,0.326
12/15/22 0:33,6:16:14,4.184
12/16/22 21:46,6:21:44,3.719
12/17/22 17:33,0:18:18,0.128
12/19/22 17:19,1:08:53,0.897
12/21/22 8:56,3:20:44,2.644
12/22/22 14:29,4:57:03,4.017
12/24/22 14:19,6:59:24,3.213
12/28/22 13:11,0:34:47,0.246
12/29/22 12:40,9:35:02,6.833
2/1/23,4:41:02,3.526
4/1/23,4:26:34,1.316
5/1/23,2:48:56,0.941
5/1/23,0:26:45,0.332
5/1/23,8:49:13,5.965
6/1/23,0:00:00,0
6/1/23,4:54:58,1.966
7/1/23,0:24:43,0.327
7/1/23,5:21:47,4.281
7/1/23,0:00:00,0
7/1/23,8:26:18,4.763
8/1/23,3:09:54,0.737
9/1/23,4:42:23,1.936
9/1/23,3:31:35,1.03
9/1/23,6:24:23,3.821
10/1/23,4:20:20,1.808
10/1/23,3:30:02,0.891
10/1/23,9:12:31,6.522
11/1/23,4:40:31,1.922
11/1/23,2:24:51,1.662
12/1/23,5:53:13,4.683
12/1/23,5:21:20,2.022
1/13/23 9:01,4:25:35,1.884
1/13/23 9:18,1:37:29,0.624
1/13/23 12:42,1:34:33,1.253
1/13/23 14:50,1:37:27,0.693
1/13/23 21:11,5:41:47,4.553
1/14/23 11:16,1:45:48,0.752
1/14/23 14:42,4:15:19,0.949
1/15/23 14:34,4:19:53,3.406
1/16/23 9:30,4:29:03,1.327
1/16/23 9:33,4:30:13,1.905
1/17/23 8:55,2:41:40,0.998
1/17/23 9:25,4:13:47,3.392
1/18/23 0:12,7:34:19,6.11
1/18/23 8:23,4:26:29,1.097
1/18/23 8:43,4:34:27,1.908
1/18/23 18:38,9:11:01,6.427
1/19/23 14:23,3:27:24,2.093
1/20/23 2:11,5:16:39,4.238
1/20/23 9:04,2:53:48,1.226
1/20/23 9:19,4:17:36,3.45
1/20/23 12:42,2:59:23,1.061
1/20/23 20:20,5:17:41,0.684
1/20/23 20:57,6:17:34,5.053
1/21/23 13:50,7:03:50,4.655
1/22/23 1:37,0:00:00,0
1/22/23 20:46,6:27:04,4.006
1/23/23 8:41,4:27:58,1.869
1/23/23 9:33,0:00:00,0
1/23/23 15:32,2:11:03,0.931
1/23/23 23:29,9:35:41,6.858
1/24/23 8:47,2:40:12,0.921
1/25/23 8:59,4:32:23,1.906
1/25/23 9:34,4:38:45,1.355
1/25/23 20:28,9:36:27,6.521
1/26/23 8:25,4:20:55,1.739
1/27/23 9:30,3:31:27,1.498
1/27/23 9:58,4:33:55,1.3
1/27/23 15:36,12:31:46,1.225
1/27/23 20:52,8:12:38,6.566
1/28/23 12:03,0:25:24,0.33
1/29/23 13:26,10:11:16,8.068
1/29/23 18:44,7:54:40,3.712
1/30/23 9:08,4:53:53,1.974
1/30/23 9:32,4:36:01,1.314
1/30/23 19:43,0:00:00,0
1/30/23 19:44,10:32:35,6.583
1/31/23 8:42,3:12:44,1.132
1/31/23 9:14,4:31:19,3.576
1/31/23 13:29,3:38:32,1.55
1/31/23 22:51,7:33:05,4.19
1/2/23,4:36:34,1.902
1/2/23,4:57:01,3.507
2/2/23,3:03:57,1.002
2/2/23,10:20:58,8.211
3/2/23,6:17:15,4.629
3/2/23,3:30:51,1.496
3/2/23,1:48:14,1.445
3/2/23,1:40:07,1.318
4/2/23,11:52:11,1.121
4/2/23,0:00:34,0.006
4/2/23,1:21:49,1.07
4/2/23,6:19:58,5.037
5/2/23,0:00:00,0
5/2/23,2:24:40,1.927
5/2/23,9:14:55,6.167
7/2/23,5:18:45,4.168
8/2/23,3:41:18,2.971
8/2/23,4:25:19,1.858
8/2/23,3:47:33,1.361
8/2/23,1:42:50,0.529
8/2/23,6:56:56,4.749
9/2/23,5:16:49,1.997
10/2/23,4:15:52,1.782
10/2/23,6:01:50,4.69
10/2/23,9:55:52,6.673
11/2/23,2:15:09,0.834
11/2/23,4:17:26,1.816
12/2/23,6:06:40,3.763
2/13/23 8:59,4:28:18,1.87
2/13/23 9:41,6:54:27,5.387
2/13/23 18:12,1:32:39,0.612
2/13/23 18:44,9:30:14,6.723
2/14/23 8:50,7:16:22,5.707
2/14/23 11:10,3:13:47,0.954
2/14/23 19:29,8:36:17,6.015
2/15/23 8:37,2:01:50,0.766
2/15/23 9:32,0:00:00,0
2/15/23 9:34,0:00:00,0
2/15/23 13:18,0:55:34,0.728
2/15/23 17:08,0:34:03,0.227
2/16/23 0:34,7:07:46,5.124
2/16/23 7:33,0:00:00,0
2/16/23 7:59,0:00:00,0
2/16/23 8:02,5:23:05,4.216
2/16/23 22:50,9:35:44,7.325
2/17/23 9:18,5:08:45,4.033
2/17/23 9:22,3:23:03,1.424
2/17/23 13:00,1:24:32,1.112
2/17/23 21:07,9:16:51,7.191
2/18/23 6:49,3:48:29,3.037
2/19/23 23:11,8:36:32,5.432
2/20/23 8:41,4:33:38,1.909
2/20/23 9:44,3:45:03,2.939
2/21/23 8:21,4:12:09,3.252
2/21/23 9:06,3:16:39,1
2/21/23 12:55,0:00:00,0
2/21/23 15:23,0:00:00,0
2/21/23 15:24,0:00:00,0
2/21/23 15:24,0:00:00,0
2/21/23 17:46,10:23:41,8.255
2/22/23 17:17,0:42:45,0.286
2/24/23 8:43,3:12:59,1.364
2/24/23 9:21,7:49:18,6.129
2/24/23 12:45,1:40:19,1.333
2/24/23 16:12,8:21:58,3.97
2/25/23 16:02,1:09:20,0.857
2/25/23 23:31,8:42:13,6.069
2/26/23 13:43,2:39:11,2.077
2/26/23 16:22,8:30:45,5.786
2/27/23 9:10,4:32:34,1.903
2/27/23 9:39,6:25:02,5.011
2/27/23 17:10,0:28:33,0.192
2/27/23 18:33,5:17:43,3.324
2/28/23 8:58,5:40:56,4.434
2/28/23 10:22,4:27:34,1.868
2/28/23 19:43,8:59:11,6.35
1/3/23,4:31:57,1.901
1/3/23,5:36:29,2.14
1/3/23,0:32:55,0.22
1/3/23,5:28:56,3.377
2/3/23,4:14:42,1.783
2/3/23,5:53:52,3.6
3/3/23,4:22:47,1.848
3/3/23,6:12:00,4.847
4/3/23,6:30:05,5.148
4/3/23,0:59:45,0.795
4/3/23,0:37:55,0.259
4/3/23,4:28:16,0.897
4/3/23,2:13:54,1.773
4/3/23,0:01:10,0.014
4/3/23,7:58:27,5.391
6/3/23,4:32:20,1.897
6/3/23,4:01:56,3.149
6/3/23,1:10:17,0.948
6/3/23,7:48:31,5.518
7/3/23,5:42:17,4.47
7/3/23,2:13:06,0.942
7/3/23,8:20:06,5.784
8/3/23,4:28:50,1.881
8/3/23,3:23:34,2.653
8/3/23,1:28:29,1.178
8/3/23,9:59:05,7.092
9/3/23,3:34:38,1.072
9/3/23,0:37:41,0.251
10/3/23,6:40:43,5.227
10/3/23,4:14:51,1.8
10/3/23,3:59:50,0.84
12/3/23,2:30:00,1.069
12/3/23,7:18:23,4.698
3/13/23 7:59,4:52:31,3.811
3/13/23 9:20,5:18:22,3.506
3/13/23 18:32,0:20:50,0.28
3/13/23 19:35,5:31:42,3.649
3/14/23 10:29,3:13:42,1.087
3/14/23 14:50,3:56:51,0.84
3/15/23 2:15,5:34:58,4.496
3/15/23 14:58,0:00:00,0
3/15/23 15:00,3:30:02,0.925
3/15/23 20:51,7:20:32,4.922
3/16/23 22:01,0:00:00,0
3/16/23 22:03,0:00:00,0
3/16/23 22:05,0:00:00,0
3/16/23 22:06,4:54:52,2.839
3/18/23 10:04,3:02:43,2.455
3/19/23 10:47,2:26:58,1.971
3/19/23 20:53,4:05:46,1.692
3/20/23 20:23,6:21:23,4.167
3/22/23 9:19,2:21:56,1.912
3/22/23 16:41,8:56:32,6.404
3/23/23 20:03,8:25:47,5.875
3/24/23 11:00,2:42:27,2.105
3/25/23 8:52,1:12:18,0.965
3/26/23 10:24,9:03:08,6.191
3/26/23 11:45,1:08:53,0.897
3/26/23 15:49,1:22:53,0.586
3/27/23 8:49,2:49:22,1.196
3/27/23 10:03,3:41:27,1.666
3/27/23 11:56,4:32:36,1.896
3/27/23 21:30,6:09:28,3.985
3/28/23 8:50,4:28:02,1.859
3/28/23 19:52,8:49:44,6.16
3/29/23 11:16,2:18:51,1.802
3/30/23 3:15,4:30:23,3.597
3/30/23 9:04,4:27:28,1.877
3/30/23 10:39,2:17:14,1.776
3/30/23 15:10,0:52:12,0.657
3/31/23 1:25,6:21:52,5.093
3/31/23 8:41,2:34:21,1.096
3/31/23 8:55,6:01:49,4.481
3/31/23 11:50,4:25:27,2.005
3/31/23 16:32,1:22:35,0.566
1/4/23,1:43:14,1.39
2/4/23,2:51:12,2.298
2/4/23,6:07:57,3.919
3/4/23,2:11:03,1.698
3/4/23,8:11:41,4.792
4/4/23,5:30:13,3.571
4/4/23,2:25:12,1.622
4/4/23,5:38:20,2.076
4/4/23,3:16:37,2.521
5/4/23,5:58:16,4.822
5/4/23,2:09:30,1.701
5/4/23,3:08:46,1.332
5/4/23,0:30:48,0.207
5/4/23,7:30:43,5.173
5/4/23,7:27:09,5.948
6/4/23,4:23:29,1.848
6/4/23,2:26:26,1.913
6/4/23,1:56:35,1.499
7/4/23,2:32:37,1.866
7/4/23,0:00:00,0
7/4/23,8:50:45,6.197
8/4/23,2:02:15,0.761
10/4/23,2:19:45,0.774
10/4/23,3:38:00,1.702
10/4/23,2:57:49,1.268
10/4/23,0:48:53,0.334
11/4/23,4:36:27,1.913
11/4/23,0:30:58,0.212
11/4/23,6:24:27,5.129
12/4/23,4:07:23,1.753
12/4/23,1:30:25,0.543
12/4/23,0:30:45,0.21
4/13/23 9:01,4:42:21,1.922
4/13/23 21:09,8:35:17,6.873
4/14/23 9:36,0:00:00,0
4/14/23 9:43,5:06:22,2.25
4/14/23 12:01,0:34:23,0.23
4/15/23 22:07,0:29:28,0.38
4/16/23 19:19,0:53:30,0.698
4/17/23 8:53,4:34:23,1.432
4/17/23 11:04,2:41:08,2.138
4/18/23 9:05,4:22:44,1.842
4/18/23 9:13,4:53:41,2.074
4/19/23 9:30,3:19:10,1.407
4/20/23 8:23,4:30:30,1.883
4/20/23 9:12,3:41:14,1.07
4/20/23 14:52,2:14:10,1.74
4/21/23 8:50,2:01:00,0.856
4/21/23 11:35,2:07:20,0.777
4/21/23 13:15,1:51:02,0.785
4/22/23 12:48,1:58:19,0.73
4/23/23 11:04,1:28:13,1.121
4/24/23 8:56,5:37:41,4.506
4/24/23 9:07,5:24:04,2.071
4/24/23 14:44,2:01:07,0.75
4/24/23 15:26,2:56:55,1.242
4/24/23 18:14,0:34:20,0.227
4/24/23 21:15,5:06:08,4.052
4/24/23 22:21,6:23:26,4.179
4/25/23 8:24,4:31:52,1.886
4/25/23 16:56,8:52:04,6.186
4/26/23 9:24,3:09:46,0.883
4/26/23 9:56,4:56:10,1.538
4/26/23 20:01,1:41:48,0.732
4/26/23 21:29,7:24:19,5.013
4/27/23 8:49,1:06:49,0.492
4/27/23 9:03,4:29:06,1.862
4/27/23 23:22,7:05:00,4.791
4/28/23 11:37,2:05:19,0.783
4/28/23 20:46,4:26:54,2.646
4/30/23 20:31,6:09:28,3.936
1/5/23,4:48:10,2.951
2/5/23,4:21:42,1.817
2/5/23,4:22:32,3.482
2/5/23,1:25:49,1.123
2/5/23,6:32:52,4.351
3/5/23,3:13:39,0.828
3/5/23,4:26:42,2.665
3/5/23,4:44:20,2.967
4/5/23,4:13:02,2.618
4/5/23,1:03:18,0.353
5/5/23,5:35:36,4.423
5/5/23,5:59:12,4.78
5/5/23,0:45:41,0.609
5/5/23,5:37:23,3.666
6/5/23,0:00:00,0
7/5/23,0:43:34,0.58
8/5/23,5:46:35,3.756
8/5/23,3:42:30,2.502
8/5/23,4:35:04,1.889
9/5/23,0:00:00,0
9/5/23,8:08:17,5.626
10/5/23,2:31:40,0.91
10/5/23,2:59:18,1.464
10/5/23,7:17:52,5.02
11/5/23,4:40:38,1.905
11/5/23,3:25:27,0.985
11/5/23,3:03:41,2.42
11/5/23,7:10:30,4.918
12/5/23,3:48:27,2.309
12/5/23,1:57:24,0.666
12/5/23,4:50:48,3.853
12/5/23,1:58:47,1.513
12/5/23,4:40:51,2.993
5/13/23 21:39,0:00:00,0
5/13/23 21:40,0:00:00,0
5/13/23 21:41,0:00:00,0
5/13/23 21:43,0:00:00,0
5/13/23 21:43,0:00:00,0
5/13/23 21:45,0:00:00,0
5/13/23 21:46,0:00:00,0
5/13/23 21:48,0:44:24,0.586
5/14/23 11:01,1:55:38,1.495
5/14/23 12:41,1:13:01,0.427
5/14/23 19:45,5:46:51,3.737
5/15/23 8:43,2:24:32,0.817
5/15/23 9:54,1:50:12,1.427
5/15/23 9:58,3:51:18,1.435
5/15/23 19:43,7:45:06,5.51
5/16/23 8:45,4:35:58,1.537
5/16/23 9:03,4:27:06,1.832
5/16/23 21:33,6:49:40,4.694
5/17/23 7:45,1:51:23,0.829
5/17/23 8:04,1:59:49,0.757
5/17/23 9:58,3:46:04,1.635
5/17/23 11:30,1:58:46,1.533
5/17/23 12:43,0:24:04,0.158
5/18/23 0:06,6:57:48,4.732
5/18/23 9:29,1:58:34,1.529
5/18/23 9:47,4:34:48,1.909
5/18/23 9:55,2:27:45,1.917
5/18/23 20:55,7:08:34,4.934
5/19/23 9:21,1:32:56,0.653
5/19/23 9:45,4:23:18,1.806
5/19/23 9:56,1:58:09,1.577
5/19/23 10:09,5:20:01,4.225
5/19/23 11:48,2:25:24,1.904
5/19/23 13:09,0:18:48,0.135
5/19/23 21:52,7:49:42,5.408
5/20/23 8:32,4:40:38,3.662
5/21/23 9:20,1:28:40,1.179
5/21/23 13:41,2:08:20,0.799
5/21/23 14:17,1:31:28,1.217
5/21/23 22:18,3:52:26,2.329
5/22/23 9:31,5:22:13,2.094
5/22/23 10:06,5:15:11,4.003
5/22/23 10:13,4:28:08,1.566
5/22/23 10:17,4:30:24,1.871
5/22/23 21:21,2:45:47,1.518
5/23/23 8:48,4:22:21,1.793
5/23/23 9:42,4:06:51,1.467
5/23/23 12:05,0:29:50,0.203
5/23/23 23:01,7:48:37,5.452
5/24/23 11:49,3:26:48,1.586
5/25/23 0:29,6:59:00,5.144
5/25/23 4:54,3:34:53,2.848
5/25/23 9:06,4:37:01,1.909
5/25/23 22:28,7:13:23,4.987
5/26/23 9:21,5:27:04,2.13
5/26/23 9:32,4:56:10,1.663
5/26/23 10:23,2:02:40,1.611
5/26/23 10:30,4:40:41,1.923
5/26/23 13:39,0:25:38,0.175
5/26/23 14:30,2:06:13,0.788
5/27/23 14:46,7:46:57,5.469
5/27/23 16:06,3:58:56,3.186
5/28/23 15:59,2:01:35,0.873
5/29/23 9:53,4:20:27,1.684
5/29/23 12:04,3:50:28,1.708
5/29/23 15:16,0:40:15,0.275
5/29/23 17:47,5:09:51,4.11
5/29/23 22:47,1:45:12,0.76
5/30/23 9:24,4:41:00,1.913
5/30/23 10:54,3:18:24,1.397
5/30/23 13:14,1:41:22,0.631
5/30/23 21:26,4:40:01,2.967
5/31/23 9:42,5:36:51,2.117
5/31/23 11:36,3:14:25,1.577
5/31/23 15:28,2:04:47,0.782
5/31/23 23:16,7:40:55,5.353
1/6/23,2:38:26,1.154
1/6/23,1:46:17,1.433
1/6/23,2:22:15,1.708
1/6/23,2:45:23,2.213
2/6/23,7:07:19,4.87
2/6/23,2:43:13,1.437
2/6/23,2:30:34,1.087
2/6/23,0:51:32,0.365
2/6/23,0:22:59,0.16
3/6/23,1:54:43,1.534
3/6/23,5:44:50,3.853
4/6/23,8:00:06,6.414
4/6/23,0:15:07,0.181
5/6/23,1:13:33,0.984
5/6/23,2:44:53,1.179
6/6/23,4:04:10,1.684
6/6/23,1:53:33,1.504
8/6/23,1:19:02,1.063
9/6/23,4:30:41,3.596
9/6/23,2:28:47,1.97
9/6/23,0:00:00,0
9/6/23,2:01:30,0.764
9/6/23,0:00:00,0
9/6/23,0:00:00,0
9/6/23,6:57:05,4.693
10/6/23,4:21:49,3.463
10/6/23,0:21:34,0.129
10/6/23,4:15:05,1.787
12/6/23,2:29:05,0.504
12/6/23,3:46:23,3.04
12/6/23,6:57:26,4.695
6/13/23 6:50,0:00:00,0
6/13/23 6:52,0:00:00,0
6/13/23 6:54,0:00:00,0
6/13/23 6:57,0:00:00,0
6/13/23 6:59,0:00:00,0
6/13/23 6:59,0:00:00,0
6/13/23 7:01,0:02:13,0.013
6/13/23 16:52,5:26:25,4.283
6/14/23 8:41,0:59:29,0.392
6/14/23 11:48,3:13:47,2.059
6/14/23 12:19,0:00:00,0
6/14/23 12:23,0:32:48,0.431
6/15/23 9:30,2:01:47,0.771
6/15/23 11:22,0:20:18,0.257
6/15/23 13:44,0:01:54,0.01
6/15/23 13:49,3:52:14,1.622
6/15/23 18:32,0:37:17,0.479
6/15/23 19:53,10:05:36,4.861
6/15/23 21:23,9:26:53,6.624
6/15/23 21:29,0:00:00,0
6/15/23 21:32,0:00:00,0
6/15/23 21:37,0:00:00,0
6/15/23 21:40,0:00:00,0
6/15/23 21:40,9:05:34,7.228
6/15/23 21:50,4:33:48,3.133
6/16/23 8:05,14:51:15,11.342
6/16/23 10:10,0:56:59,0.393
6/16/23 11:25,0:40:06,0.257
6/16/23 11:42,0:00:04,0
6/16/23 11:47,2:21:57,1.703
6/16/23 11:54,2:07:25,1.405
6/16/23 13:03,3:24:42,1.985
6/16/23 16:42,3:33:56,2.824
6/16/23 16:45,0:00:00,0
6/16/23 20:12,2:16:32,1.695
6/17/23 8:15,5:20:15,3.657
6/17/23 9:27,3:02:48,1.813
6/17/23 10:26,5:29:16,4.361
6/17/23 10:49,13:35:04,2.83
6/17/23 13:08,2:20:06,1.756
6/17/23 15:50,2:10:02,1.719
6/17/23 16:22,6:23:30,4.635
6/17/23 18:38,3:26:27,2.576
6/17/23 18:52,1:27:40,1.155
6/18/23 7:46,1:28:28,1.068
6/18/23 8:18,3:56:41,2.654
6/18/23 9:04,1:13:38,0.916
6/18/23 9:53,0:00:00,0
6/18/23 11:45,0:19:39,0.25
6/18/23 13:31,8:23:22,5.91
6/19/23 18:53,3:18:34,2.619
6/19/23 19:37,3:24:07,2.712
6/20/23 6:40,4:23:12,1.794
6/20/23 10:11,1:48:07,0.784
6/20/23 18:38,4:30:40,1.128
6/21/23 10:04,3:37:38,2.181
6/21/23 13:18,1:32:32,0.239
6/21/23 17:24,0:08:36,0.057
6/22/23 9:32,1:25:55,1.053
6/23/23 9:02,2:57:05,0.513
6/24/23 1:02,8:22:37,5.838
6/24/23 12:08,2:34:24,2.028
6/24/23 12:57,2:01:14,0.808
6/25/23 8:40,4:12:57,1.765
6/25/23 10:28,0:00:33,0.001
6/25/23 10:32,0:04:14,0.054
6/25/23 16:22,2:54:10,1.16
6/27/23 6:33,4:19:48,1.792
6/27/23 12:15,3:04:04,1.292
6/28/23 11:14,1:56:33,1.557
6/28/23 13:18,5:36:17,2.093
6/29/23 15:32,0:17:55,0.241
6/30/23 6:30,4:23:52,1.804
6/30/23 12:34,4:18:33,1.772
6/30/23 13:16,2:05:42,1.583
6/30/23 15:44,1:12:24,0.541
1/7/23,0:11:54,0.143
1/7/23,3:47:57,0.977
2/7/23,6:16:16,4.19
2/7/23,6:51:51,2.114
3/7/23,0:43:17,0.568
3/7/23,5:26:51,3.567
4/7/23,0:28:21,0.213
5/7/23,0:26:56,0.169
5/7/23,3:33:50,1.132
6/7/23,0:48:12,0.245
6/7/23,0:00:00,0
6/7/23,0:00:00,0
6/7/23,0:00:00,0
6/7/23,0:00:00,0
6/7/23,0:00:00,0
6/7/23,0:00:00,0
6/7/23,0:00:00,0
6/7/23,0:00:00,0
6/7/23,0:00:02,0
6/7/23,0:00:00,0
6/7/23,1:22:41,0.617
7/7/23,5:35:02,3.639
8/7/23,1:50:30,1.43
8/7/23,5:58:49,3.978
9/7/23,1:19:11,0.568
10/7/23,3:44:12,0.731
10/7/23,2:01:41,1.604
10/7/23,4:30:10,1.862
12/7/23,0:52:00,0.346
12/7/23,2:36:28,2.104
7/13/23 18:33,4:20:41,1.829
7/14/23 13:38,1:52:30,0.825
7/14/23 22:37,4:20:38,1.803
7/15/23 11:27,9:58:44,7.202
7/15/23 12:19,4:20:22,1.806
7/15/23 20:08,2:51:02,1.634
7/16/23 17:01,4:44:02,3.758
7/17/23 8:21,4:55:08,1.608
7/17/23 8:56,2:34:48,0.664
7/17/23 12:58,2:56:20,2.178
7/18/23 8:33,0:18:50,0.134
7/18/23 14:20,0:00:00,0
7/19/23 8:56,2:30:18,0.679
7/19/23 12:14,3:06:33,1.299
7/20/23 8:40,2:35:21,0.711
7/20/23 12:40,3:04:08,1.248
7/21/23 14:05,1:07:37,0.509
7/23/23 15:12,7:45:13,5.391
7/25/23 11:59,1:12:11,0.962
7/26/23 8:34,2:10:40,0.494
7/26/23 9:13,5:59:01,2.066
7/26/23 12:00,0:52:39,0.375
7/26/23 21:14,8:05:21,5.731
7/27/23 10:32,4:55:34,1.991
7/27/23 17:42,2:05:58,0.907
7/28/23 9:08,2:30:33,1.075
7/28/23 12:57,1:53:08,0.798
7/28/23 19:57,0:00:00,0
7/28/23 19:57,0:00:00,0
7/28/23 19:57,3:00:55,1.765
7/29/23 10:44,1:42:18,1.362
7/30/23 13:50,3:08:07,1.18
7/30/23 16:46,5:01:13,3.971
7/31/23 14:41,0:15:33,0.207
7/31/23 16:30,0:00:00,0
7/31/23 16:48,0:00:00,0
7/31/23 16:58,0:00:00,0
7/31/23 17:00,0:00:00,0
7/31/23 17:03,0:00:00,0
7/31/23 17:41,1:26:55,1.161
1/8/23,1:59:22,0.754
1/8/23,4:23:51,1.803
2/8/23,9:44:59,7.007
3/8/23,2:01:07,0.839
3/8/23,2:42:17,1.328
3/8/23,4:24:14,1.808
5/8/23,7:12:37,4.928
7/8/23,4:20:52,1.787
7/8/23,4:28:34,1.042
8/8/23,5:35:45,3.651
8/8/23,4:05:44,2.551
8/8/23,0:45:12,0.595
8/8/23,4:17:36,1.789
11/8/23,0:00:00,0
11/8/23,4:07:21,3.232
11/8/23,6:36:56,5.132
12/8/23,3:37:41,2.834
8/14/23 8:03,2:16:15,0.981
8/14/23 9:57,2:04:52,0.508
8/14/23 12:30,4:24:43,1.857
8/14/23 14:39,1:12:28,0.926
8/15/23 9:24,1:23:27,1.109
8/15/23 19:46,9:40:14,6.909
8/16/23 8:36,3:33:14,1.444
8/16/23 9:05,0:31:01,0.198
8/17/23 19:22,1:59:53,0.757
8/19/23 12:37,1:54:28,1.521
8/19/23 16:16,3:47:35,2.764
8/20/23 6:50,4:20:04,1.787
8/20/23 13:54,4:10:20,3.326
8/20/23 14:11,2:22:18,1.872
8/20/23 19:55,2:00:35,0.758
8/22/23 0:01,8:09:33,5.645
8/23/23 8:11,1:59:00,0.765
8/23/23 12:29,0:21:18,0.146
8/23/23 18:56,2:04:44,0.805
8/26/23 14:51,6:08:16,4.066
8/27/23 10:42,2:30:40,1.922
8/27/23 12:39,1:13:03,0.945
8/27/23 12:40,0:00:00,0
8/28/23 13:59,1:44:33,1.395
8/28/23 15:08,2:36:25,1.061
8/28/23 21:44,4:26:41,2.753
8/30/23 8:40,4:24:01,1.797
8/30/23 11:45,2:40:16,2.041
8/30/23 14:17,1:16:20,0.529
8/31/23 8:19,2:05:58,1.664
8/31/23 11:10,4:13:24,3.387
8/31/23 11:15,0:00:00,0
8/31/23 14:28,1:11:55,0.414
1/9/23,1:19:54,1.054
1/9/23,1:06:12,0.777
1/9/23,4:25:58,1.812
1/9/23,2:41:15,2.057
3/9/23,2:46:46,1.122
3/9/23,0:14:00,0.187
4/9/23,5:36:19,4.337
4/9/23,2:58:19,1.253
4/9/23,0:00:20,0.003
4/9/23,0:00:20,0.003
4/9/23,0:00:17,0.003
4/9/23,0:00:38,0.003
4/9/23,0:01:37,0.009
4/9/23,0:00:04,0
4/9/23,0:43:56,0.576
4/9/23,0:00:23,0.002
4/9/23,0:00:35,0.005
4/9/23,12:51:44,8.275
5/9/23,2:54:43,0.91
5/9/23,7:36:14,5.987
5/9/23,7:56:06,6.369
5/9/23,2:06:24,1.489
5/9/23,2:52:21,1.919
5/9/23,1:48:20,1.403
6/9/23,1:49:44,1.437
6/9/23,5:37:04,3.641
7/9/23,5:22:04,2.044
7/9/23,0:58:45,0.387
7/9/23,2:05:33,1.629
7/9/23,1:14:43,1.006
7/9/23,6:54:26,4.72
8/9/23,2:18:08,1.741
8/9/23,1:49:07,0.731
9/9/23,5:03:21,3.929
9/9/23,1:13:51,0.952
9/9/23,0:32:07,0.414
9/9/23,1:10:33,0.843
9/9/23,3:44:04,2.527
10/9/23,1:33:29,1.185
10/9/23,0:36:21,0.268
10/9/23,1:57:57,0.769
11/9/23,6:06:10,3.295
11/9/23,4:03:41,1.472
11/9/23,4:44:06,3.796
11/9/23,2:05:31,1.534
12/9/23,3:28:01,2.742
12/9/23,7:56:08,3.052
12/9/23,5:49:14,1.82
12/9/23,1:48:10,1.404
12/9/23,2:19:18,1.869
12/9/23,9:13:27,6.541
9/13/23 8:44,1:21:19,1.07
9/13/23 9:11,3:25:34,0.996
9/13/23 12:11,1:48:12,1.409
9/13/23 16:16,2:18:32,0.997
9/13/23 19:11,6:56:10,4.742
9/13/23 19:19,1:19:22,0.49
9/14/23 8:38,3:12:22,2.435
9/14/23 8:41,0:00:00,0
9/14/23 9:32,3:55:16,1.579
9/14/23 10:41,4:28:35,1.856
9/14/23 19:10,7:13:20,5.021
9/15/23 8:57,5:56:05,4.587
9/15/23 9:23,8:40:59,4.211
9/15/23 14:53,1:45:07,1.403
9/15/23 20:47,1:49:50,0.708
9/16/23 10:25,2:01:54,1.585
9/16/23 12:32,4:18:46,3.237
9/16/23 17:20,3:33:33,2.856
9/17/23 12:23,2:03:42,0.774
9/17/23 16:33,1:06:53,0.826
9/17/23 17:16,1:58:05,1.588
9/17/23 17:31,6:12:36,4.122
9/17/23 20:20,5:42:04,1.932
9/18/23 13:04,2:09:03,1.692
9/18/23 19:47,7:25:43,5.099
9/19/23 8:19,1:21:55,1.059
9/19/23 9:20,6:00:02,1.765
9/19/23 10:49,4:04:55,3.227
9/19/23 11:56,5:45:32,4.577
9/20/23 8:21,5:17:45,3.288
9/20/23 8:49,3:14:37,2.118
9/20/23 9:08,3:37:11,2.89
9/20/23 9:09,3:03:21,0.853
9/20/23 15:39,2:24:42,1.02
9/21/23 8:46,6:25:08,4.973
9/21/23 10:44,2:35:06,1.419
9/21/23 11:26,1:12:25,0.964
9/21/23 15:50,0:34:41,0.453
9/21/23 16:27,1:16:55,0.487
9/21/23 19:02,5:30:37,1.643
9/21/23 19:23,8:03:54,5.672
9/21/23 19:35,1:59:39,1.446
9/22/23 10:35,6:12:26,4.907
9/22/23 13:23,0:27:01,0.186
9/22/23 13:32,2:19:30,1.858
9/22/23 15:20,2:03:54,0.775
9/22/23 18:09,2:00:14,0.779
9/22/23 21:44,4:01:15,1.026
9/23/23 7:17,1:49:50,1.471
9/23/23 11:58,1:20:32,1.063
9/24/23 9:52,1:53:44,1.515
9/24/23 18:03,6:50:20,4.65
9/24/23 19:13,6:12:20,2.099
9/25/23 8:10,3:37:09,1.324
9/25/23 9:25,1:56:44,1.507
9/25/23 19:16,2:42:17,2.08
9/26/23 10:25,1:59:44,1.535
9/27/23 9:04,5:20:01,2.067
9/27/23 12:18,1:47:23,1.406
9/27/23 13:12,1:49:48,1.473
9/27/23 15:28,3:52:36,1.522
9/28/23 8:00,4:03:12,1.534
9/28/23 8:28,5:30:46,4.306
9/28/23 10:17,1:59:36,1.534
9/28/23 17:42,2:18:56,1.797
9/28/23 19:48,2:03:27,0.783
9/29/23 8:27,0:54:27,0.301
9/29/23 9:27,2:12:30,0.771
9/29/23 11:30,1:34:36,1.246
9/29/23 13:06,0:38:46,0.487
9/29/23 16:33,1:52:33,0.737
9/29/23 19:11,8:41:38,6.138
9/30/23 12:52,3:08:38,2.49
9/30/23 15:51,0:00:00,0
9/30/23 15:54,0:00:00,0
9/30/23 15:56,0:00:00,0
9/30/23 15:58,0:47:50,0.625
9/30/23 19:13,2:48:15,1.194
1/10/23,6:08:05,1.484
1/10/23,8:23:02,6.696
1/10/23,1:14:03,0.473
2/10/23,2:00:24,1.615
2/10/23,4:54:16,1.996
2/10/23,1:18:04,1.049
2/10/23,7:47:05,5.379
3/10/23,2:25:24,1.912
3/10/23,2:48:23,1.588
3/10/23,1:05:21,0.375
3/10/23,1:47:14,0.699
4/10/23,4:55:01,2.061
4/10/23,4:33:04,3.633
4/10/23,1:59:20,1.431
5/10/23,6:36:43,5.337
5/10/23,2:22:22,1.886
5/10/23,2:11:34,1.706
5/10/23,3:36:58,2.891
5/10/23,0:00:00,0
5/10/23,4:56:56,1.86
5/10/23,5:19:00,3.398
6/10/23,2:17:00,1.812
6/10/23,5:23:33,2.099
6/10/23,3:02:32,2.373
6/10/23,3:25:06,2.665
6/10/23,2:19:24,1.743
6/10/23,0:49:08,0.641
6/10/23,1:50:13,0.706
7/10/23,0:56:19,0.739
7/10/23,0:44:31,0.574
7/10/23,5:14:55,4.063
7/10/23,1:02:32,0.824
7/10/23,2:10:33,1.68
7/10/23,0:19:18,0.244
7/10/23,5:33:58,3.339
7/10/23,2:48:37,0.816
8/10/23,2:35:16,0.406
8/10/23,0:46:24,0.606
8/10/23,0:35:56,0.191
8/10/23,0:48:12,0.282
8/10/23,6:48:32,4.531
8/10/23,1:53:35,0.733
9/10/23,5:01:11,2.062
9/10/23,2:14:03,1.736
9/10/23,1:44:12,1.371
10/10/23,0:01:10,0.008
10/10/23,2:10:13,1.67
10/10/23,3:12:02,1.363
10/10/23,1:57:25,1.393
10/10/23,2:11:55,1.744
10/10/23,8:42:39,6.06
11/10/23,3:09:01,1.094
11/10/23,3:22:00,2.643
11/10/23,6:55:25,5.486
12/10/23,2:16:29,1.795
12/10/23,2:14:28,1.732
12/10/23,2:05:46,0.795
12/10/23,0:39:07,0.494
12/10/23,7:52:44,5.353
10/13/23 2:55,2:05:50,0.783
10/13/23 7:28,2:23:28,1.889
10/13/23 8:11,4:11:30,3.282
10/13/23 12:47,1:02:44,0.809
10/13/23 14:20,0:27:02,0.113
10/13/23 17:11,0:22:09,0.289
10/13/23 18:08,2:13:31,1.737
10/13/23 20:33,1:47:52,1.427
10/13/23 22:10,1:14:14,0.952
10/14/23 10:25,4:19:33,3.393
10/14/23 11:27,4:25:34,3.461
10/14/23 11:28,2:51:17,2.21
10/14/23 15:36,1:53:31,1.333
10/14/23 16:38,0:39:13,0.518
10/14/23 21:07,0:44:22,0.568
10/15/23 11:02,1:26:39,0.613
10/15/23 16:50,1:54:55,0.738
10/16/23 7:22,2:06:19,1.685
10/16/23 12:15,2:06:40,0.792
10/16/23 13:55,3:27:28,0.64
10/17/23 9:32,1:58:00,1.535
10/18/23 7:23,2:15:41,1.794
10/18/23 11:30,1:54:23,1.479
10/18/23 12:16,2:51:22,2.283
10/18/23 16:54,5:24:46,2.056
10/18/23 21:51,1:38:53,0.635
10/19/23 12:43,0:01:59,0.012
10/19/23 12:46,0:00:00,0
10/19/23 12:47,2:36:23,1.118
10/19/23 12:50,0:50:29,0.655
10/19/23 15:40,1:57:44,0.734
10/19/23 22:34,7:19:32,4.955
10/20/23 8:10,2:16:19,1.817
10/20/23 9:00,2:54:38,0.774
10/20/23 12:34,0:15:33,0.093
10/20/23 12:54,2:03:59,1.498
10/20/23 18:30,1:37:48,0.668
10/20/23 21:19,1:55:29,0.747
10/20/23 23:41,5:37:54,1.912
10/21/23 8:23,2:56:45,1.139
10/21/23 19:16,2:52:22,1.101
10/21/23 22:25,1:40:24,0.454
10/22/23 2:40,4:18:47,1.455
10/22/23 13:54,2:01:11,1.446
10/22/23 17:30,1:44:39,0.386
10/22/23 20:29,2:00:59,1.457
10/23/23 7:31,2:22:05,1.891
10/23/23 8:48,2:19:50,1.791
10/23/23 8:55,0:00:00,0
10/23/23 8:56,8:04:16,6.24
10/23/23 9:28,5:22:04,2.08
10/23/23 23:13,8:30:42,6.051
10/24/23 7:34,2:23:26,1.906
10/24/23 8:40,4:27:57,3.458
10/24/23 10:04,2:06:10,1.581
10/24/23 23:37,4:31:52,2.707
10/25/23 9:04,3:16:39,1.076
10/25/23 9:04,1:27:07,0.577
10/25/23 12:33,2:14:19,1.738
10/25/23 13:26,2:04:18,0.774
10/25/23 15:41,4:50:27,1.918
10/25/23 20:26,8:29:09,5.907
10/25/23 23:20,2:37:52,0.63
10/26/23 8:42,7:10:09,5.541
10/26/23 9:32,2:06:14,1.631
10/26/23 13:47,0:32:48,0.226
10/26/23 14:41,1:57:04,0.736
10/26/23 16:19,1:40:25,0.361
10/26/23 21:16,1:56:18,0.757
10/27/23 0:34,4:05:41,2.473
10/27/23 7:34,2:10:36,1.728
10/27/23 8:35,2:13:15,1.727
10/27/23 10:02,4:28:41,1.919
10/27/23 13:40,0:26:17,0.187
10/27/23 13:49,0:38:12,0.5
10/27/23 14:57,2:45:46,0.768
10/28/23 10:16,2:17:53,1.812
10/28/23 11:24,4:18:44,3.421
10/28/23 17:08,0:52:27,0.371
10/28/23 19:38,4:43:48,1.483
10/29/23 23:11,6:57:39,4.431
10/30/23 9:14,5:18:21,2.014
10/30/23 9:50,4:25:53,3.128
10/30/23 11:12,3:03:54,2.379
10/30/23 20:04,8:46:05,6.156
10/30/23 20:45,2:29:27,0.512
10/31/23 8:06,2:09:54,1.726
10/31/23 9:27,5:12:06,2.044
10/31/23 10:54,3:40:35,1.519
10/31/23 16:10,5:22:15,4.236
10/31/23 16:47,3:42:44,1.593
10/31/23 17:34,3:40:25,0.587
1/11/23,1:57:04,1.546
1/11/23,0:29:46,0.399
1/11/23,0:00:02,0
1/11/23,4:28:20,1.574
1/11/23,1:51:54,0.724
1/11/23,2:20:09,1.004
1/11/23,0:05:55,0.079
2/11/23,0:01:02,0.013
2/11/23,0:00:00,0
2/11/23,9:14:10,6.849
2/11/23,1:57:00,1.553
2/11/23,2:33:47,2.008
2/11/23,0:25:17,0.158
2/11/23,5:30:28,2.049
2/11/23,5:31:15,3.382
3/11/23,2:17:03,1.838
3/11/23,2:09:08,1.678
3/11/23,1:00:38,0.351
3/11/23,1:45:27,0.729
3/11/23,1:37:23,0.403
4/11/23,3:36:57,1.678
4/11/23,1:44:16,1.389
4/11/23,0:54:15,0.285
4/11/23,1:08:28,0.909
4/11/23,1:50:42,0.699
5/11/23,1:11:06,0.177
5/11/23,3:59:29,1.134
5/11/23,0:00:00,0
5/11/23,5:16:17,1.518
6/11/23,7:35:25,6.07
6/11/23,2:06:47,1.639
6/11/23,8:15:50,6.341
7/11/23,3:12:43,2.497
7/11/23,7:24:46,5.74
7/11/23,2:02:46,0.759
7/11/23,8:12:00,5.671
8/11/23,2:11:37,1.747
8/11/23,3:38:37,1.153
8/11/23,4:12:05,1.791
8/11/23,3:24:20,2.675
8/11/23,2:00:10,0.766
9/11/23,4:53:26,3.195
9/11/23,2:46:09,0.31
9/11/23,7:54:16,6.1
9/11/23,3:00:33,2.354
9/11/23,1:13:56,0.464
9/11/23,4:43:31,2.752
10/11/23,5:51:45,2.025
10/11/23,3:06:59,2.406
10/11/23,1:12:00,0.434
10/11/23,2:13:49,0.817
11/11/23,1:11:29,0.171
11/11/23,1:58:49,1.514
11/11/23,3:05:58,0.913
11/11/23,0:00:34,0.005
11/11/23,7:30:50,5.897
11/11/23,2:44:44,0.327
12/11/23,1:21:03,1.075
12/11/23,5:05:32,1.69
12/11/23,0:37:28,0.479
12/11/23,6:09:52,4.109
11/13/23 7:36,2:05:30,1.652
11/13/23 10:20,4:13:21,1.801
11/13/23 12:26,1:58:40,1.539
11/13/23 14:55,1:33:27,0.559
11/13/23 21:39,5:55:47,3.847
11/14/23 7:34,2:18:27,1.833
11/14/23 9:59,2:08:45,1.676
11/14/23 16:31,1:07:16,0.41
11/14/23 18:19,4:54:46,3.101
11/15/23 7:41,2:00:53,1.604
11/15/23 9:03,3:05:57,1.028
11/15/23 18:34,4:53:43,3.016
11/16/23 8:20,2:20:07,1.858
11/16/23 10:22,5:20:16,2.038
11/16/23 13:09,0:32:24,0.185
11/16/23 18:22,1:35:51,0.678
11/16/23 19:08,8:23:11,5.78
11/16/23 21:20,2:05:31,0.778
11/16/23 23:47,2:24:23,0.613
11/17/23 7:43,1:56:55,1.541
11/17/23 8:12,2:06:42,0.841
11/18/23 17:08,2:40:25,1.048
11/18/23 20:30,2:22:03,0.188
11/19/23 14:17,3:55:58,1.678
11/19/23 17:20,6:55:17,4.492
11/20/23 12:01,3:34:51,1.471
11/20/23 19:44,5:57:47,3.785
11/21/23 0:03,2:44:20,0.861
11/21/23 3:32,2:51:35,0.647
11/21/23 7:25,2:05:02,1.65
11/21/23 11:40,0:23:33,0.293
11/21/23 17:09,0:00:00,0
11/22/23 9:49,0:00:00,0
11/22/23 9:50,2:31:05,1.913
11/23/23 11:46,9:53:58,6.875
11/24/23 11:25,0:37:18,0.255
11/26/23 15:28,2:54:03,2.198
11/26/23 20:31,2:12:58,0.815
11/27/23 9:31,2:26:47,1.899
11/27/23 17:22,8:29:55,5.603
11/28/23 7:22,1:06:14,0.832
11/28/23 18:36,6:46:53,4.374
11/28/23 18:58,2:02:15,0.779
11/29/23 13:26,2:11:19,1.714
11/29/23 18:42,6:18:26,4.038
11/30/23 8:34,0:58:43,0.733
11/30/23 13:02,3:25:46,1.401
1/12/23,2:26:34,1.912
1/12/23,2:29:47,1.075
3/12/23,6:32:21,4.035
4/12/23,2:56:00,1.186
4/12/23,1:50:25,1.437
4/12/23,1:17:06,0.541
4/12/23,6:19:32,3.997
4/12/23,2:00:01,0.768
5/12/23,2:53:31,1.166
5/12/23,7:00:26,4.714
6/12/23,4:00:14,3.102
6/12/23,2:19:31,1.828
6/12/23,3:14:58,1.382
6/12/23,2:05:58,0.8
6/12/23,6:19:00,4.111
7/12/23,1:56:34,1.543
7/12/23,4:57:28,3.804
7/12/23,1:46:06,1.412
7/12/23,6:42:33,4.421
8/12/23,8:46:47,6.091
9/12/23,2:01:33,0.873
9/12/23,1:40:11,0.238
9/12/23,0:35:29,0.447
10/12/23,8:01:23,5.202
11/12/23,2:05:28,1.646
12/12/23,0:31:08,0.268
12/12/23,6:01:53,3.751
12/13/23 17:12,5:19:09,3.312
12/14/23 7:14,1:58:26,1.547
12/14/23 17:47,8:03:58,5.534
12/14/23 21:31,0:00:00,0
12/14/23 22:36,0:05:35,0.072
12/14/23 23:25,0:39:46,0.518
12/19/23 11:32,1:42:21,1.296
12/21/23 13:53,2:21:25,1.063
12/23/23 15:10,2:09:17,0.972
12/26/23 10:53,0:39:19,0.531
12/27/23 3:25,8:59:40,6.223
12/27/23 10:30,2:29:25,1.122
12/30/23 12:17,2:23:33,1.075
1/1/24,2:00:14,1.454
1/1/24,1:38:38,0.59
2/1/24,0:19:23,0.135
2/1/24,0:25:15,0.17
2/1/24,0:43:38,0.327
2/1/24,0:56:23,0.551
2/1/24,4:13:19,1.588
3/1/24,1:58:14,1.57
3/1/24,2:18:09,1.809
3/1/24,2:28:28,1.114
3/1/24,4:12:10,3.359
3/1/24,7:32:23,5.028
4/1/24,2:31:42,1.953
4/1/24,0:29:13,0.208
4/1/24,1:08:13,0.474
4/1/24,0:27:37,0.191
4/1/24,9:21:47,6.487
5/1/24,2:07:19,1.618
5/1/24,8:01:33,6.082
5/1/24,2:46:06,0.884
5/1/24,1:57:26,0.626
5/1/24,3:56:32,3.16
6/1/24,4:14:19,1.795
6/1/24,0:00:00,0
6/1/24,0:08:29,0.107
6/1/24,2:03:15,1.473
7/1/24,7:37:29,2.131
7/1/24,2:18:17,0.849
7/1/24,2:12:59,1.762
7/1/24,3:00:21,0.797
8/1/24,8:15:50,6.463
8/1/24,1:52:20,0.734
8/1/24,1:41:38,0.174
9/1/24,5:02:15,4.055
9/1/24,8:18:56,6.291
9/1/24,4:46:43,3.812
9/1/24,2:23:56,1.072
10/1/24,6:04:24,3.895
10/1/24,1:52:01,1.464
10/1/24,3:08:21,2.474
10/1/24,0:10:26,0.074
10/1/24,2:30:05,1.955
10/1/24,2:56:11,0.729
11/1/24,1:34:22,1.234
11/1/24,3:43:21,2.9
11/1/24,5:10:58,2.061
11/1/24,0:59:59,0.671
12/1/24,1:17:25,0.903
12/1/24,2:28:29,0.992
12/1/24,2:46:35,2.186
12/1/24,5:46:26,2.123
12/1/24,1:32:42,0.662
12/1/24,6:11:10,2.167
1/13/24 16:22,6:04:29,1.42
1/14/24 14:10,4:26:00,3.513
1/14/24 14:50,5:58:53,1.302
1/14/24 17:52,7:57:31,3.815
1/14/24 21:35,9:31:01,0.86
1/14/24 22:26,2:22:20,0.255
1/15/24 8:49,6:51:44,5.212
1/15/24 10:39,4:45:05,3.128
1/15/24 17:30,10:18:07,1.42
1/15/24 18:24,2:15:49,0.977
1/15/24 18:27,0:13:54,0.181
1/16/24 0:15,3:10:04,0.223
1/16/24 7:34,1:56:52,0.579
1/16/24 15:01,2:32:03,0.229
1/16/24 22:39,10:28:17,6.177
1/17/24 9:36,3:40:36,0.972
1/17/24 9:39,5:29:17,4.342
1/17/24 11:05,3:52:44,2.363
1/17/24 11:58,2:10:10,0.197
1/17/24 19:26,5:44:08,1.352
1/17/24 20:26,6:46:59,3.525
1/18/24 11:42,1:44:44,0.744
1/18/24 11:45,3:18:16,2.629
1/18/24 12:16,3:42:33,2.321
1/18/24 15:46,2:45:26,1.165
1/18/24 19:35,5:05:33,1.575
1/18/24 19:56,7:03:54,4.188
1/19/24 7:27,1:32:49,0.672
1/19/24 7:52,0:08:23,0.059
1/19/24 8:57,6:20:33,4.882
1/19/24 10:50,4:40:17,3.672
1/19/24 15:14,2:18:18,1.766
1/19/24 22:13,0:29:21,0.16
1/19/24 23:49,4:01:55,0.285
1/21/24 17:34,0:14:29,0.103
1/21/24 18:07,6:26:11,1.575
1/22/24 9:01,5:16:47,3.928
1/22/24 9:28,5:36:44,2.033
1/22/24 9:38,5:34:53,4.438
1/22/24 11:47,2:10:30,1.704
1/23/24 17:09,7:11:26,4.82
1/24/24 9:41,1:50:54,1.456
1/24/24 9:44,3:23:49,0.977
1/24/24 11:57,3:16:06,2.537
1/25/24 8:58,7:23:35,5.785
1/25/24 9:58,2:26:25,1.922
1/25/24 15:06,2:03:55,1.509
1/26/24 9:17,1:34:10,1.256
1/26/24 9:53,3:14:10,0.988
1/26/24 11:32,0:02:45,0.032
1/26/24 11:44,1:33:21,1.217
1/26/24 18:12,9:56:50,6.929
1/28/24 18:55,1:30:53,1.198
1/29/24 7:51,1:58:47,1.583
1/29/24 8:01,1:22:09,0.534
1/29/24 8:56,6:25:24,4.964
1/29/24 9:26,2:11:09,0.81
1/29/24 17:43,5:01:37,3.274
1/29/24 19:39,4:57:34,1.657
1/30/24 10:25,1:39:11,1.302
1/31/24 7:22,1:57:03,1.561
1/31/24 9:37,2:01:26,1.618
1/31/24 10:43,2:57:30,0.87
1/31/24 11:27,1:07:15,0.359
1/31/24 12:24,0:45:53,0.612
1/2/24,7:55:45,6.218
1/2/24,2:04:46,1.631
2/2/24,6:27:50,4.958
2/2/24,1:15:02,0.985
2/2/24,2:46:56,2.187
2/2/24,1:29:47,1.192
2/2/24,5:23:29,0.548
2/2/24,1:12:36,0.706
2/2/24,3:52:33,0.57
3/2/24,0:30:17,0.409
4/2/24,0:41:38,0.536
4/2/24,0:55:56,0
4/2/24,8:06:24,6.029
5/2/24,2:03:27,1.504
5/2/24,2:10:52,0.342
6/2/24,3:35:41,2.83
6/2/24,1:55:16,1.483
6/2/24,9:06:17,6.399
6/2/24,2:36:54,0.499
7/2/24,2:04:04,1.615
7/2/24,5:26:05,4.314
7/2/24,1:33:27,0.131
7/2/24,2:30:07,1.921
7/2/24,2:20:54,0.422
7/2/24,5:53:28,4.012
8/2/24,0:51:35,0.37
8/2/24,2:33:17,2.004
8/2/24,0:49:27,0.657
8/2/24,7:54:01,5.406
9/2/24,7:37:14,5.741
9/2/24,1:40:42,1.338
9/2/24,2:48:35,2.198
10/2/24,2:00:04,1.437
11/2/24,4:08:35,0.878
12/2/24,2:19:00,1.788
12/2/24,1:46:53,1.399
2/13/24 7:21,1:58:46,1.496
2/13/24 12:18,2:55:05,1.191
2/13/24 13:01,0:00:00,0
2/13/24 13:10,4:29:19,1.914
2/13/24 16:46,2:21:15,1.868
2/13/24 19:04,6:24:14,3.988
2/13/24 19:35,1:33:30,0.63
2/13/24 20:10,1:13:23,0.409
2/14/24 9:28,0:30:43,0.213
2/14/24 9:44,4:31:27,3.586
2/14/24 12:02,1:45:49,1.371
2/15/24 18:21,6:21:05,3.396
2/16/24 8:42,2:52:17,1.156
2/16/24 8:51,6:28:04,4.875
2/16/24 11:45,2:51:12,2.217
2/16/24 12:20,3:10:31,2.472
2/17/24 16:08,1:31:23,0.976
2/17/24 20:31,1:13:39,0.528
2/18/24 10:33,0:14:49,0.192
2/18/24 13:33,4:54:36,3.899
2/19/24 8:45,1:59:04,0.893
2/19/24 9:39,2:48:39,2.242
2/19/24 9:41,1:44:57,1.344
2/19/24 11:49,2:15:23,1.015
2/19/24 12:20,2:45:46,2.144
2/20/24 7:24,2:03:49,1.475
2/20/24 13:09,0:56:00,0.72
2/20/24 13:19,0:58:29,0.764
2/20/24 14:43,0:53:19,0.69
2/20/24 15:10,2:06:35,1.668
2/21/24 9:09,2:33:14,1.968
2/21/24 9:46,2:55:25,0.819
2/21/24 10:47,2:16:06,1.021
2/21/24 12:15,2:12:13,0.815
2/21/24 13:19,2:05:55,1.495
2/22/24 7:33,2:01:20,1.479
2/22/24 9:10,2:34:36,1.935
2/22/24 9:54,1:49:51,0.771
2/22/24 12:29,1:34:59,1.255
2/22/24 13:00,0:10:47,0.138
2/22/24 13:36,1:00:11,0.787
2/22/24 18:22,8:38:09,6.621
2/23/24 8:56,5:54:52,4.544
2/23/24 9:02,2:41:17,2.117
2/23/24 13:17,2:02:27,1.604
2/23/24 14:07,1:26:04,1.134
2/24/24 19:45,3:53:09,1.118
2/25/24 10:08,0:43:37,0.558
2/25/24 16:52,1:20:50,0.226
2/25/24 19:52,7:13:28,4.902
2/26/24 8:49,7:25:55,5.776
2/26/24 12:24,1:35:08,1.249
2/26/24 12:25,2:45:46,2.113
2/26/24 19:04,8:22:19,5.778
2/27/24 7:58,1:17:48,0.536
2/27/24 19:16,6:56:48,4.741
2/27/24 19:49,5:31:12,0.874
2/28/24 8:19,8:23:21,6.454
2/28/24 8:39,2:50:48,1.166
2/28/24 13:16,0:17:36,0.21
2/28/24 17:19,1:05:02,0.822
2/28/24 19:07,6:38:41,3.731
2/29/24 12:04,2:43:29,2.102
2/29/24 12:43,1:07:02,0.065
2/29/24 15:22,2:04:23,0.767
2/29/24 16:33,1:37:33,1.299
2/29/24 19:50,8:13:11,5.76
1/3/24,4:26:43,1.56
1/3/24,2:17:40,1.578
1/3/24,3:05:54,2.393
1/3/24,3:20:26,1.417
1/3/24,1:45:04,1.379
2/3/24,1:33:08,1.212
3/3/24,3:24:12,0.844
3/3/24,2:28:08,1.96
4/3/24,4:06:35,3.246
4/3/24,1:05:21,0.854
4/3/24,2:20:54,1.802
4/3/24,2:09:42,1.704
4/3/24,1:20:09,1.053
4/3/24,0:00:00,0
4/3/24,0:42:30,0.556
4/3/24,6:46:17,4.549
5/3/24,1:55:55,1.518
5/3/24,1:29:51,1.177
5/3/24,8:05:16,5.611
6/3/24,1:58:50,1.565
6/3/24,3:00:27,2.33
6/3/24,2:41:21,2.125
6/3/24,8:25:44,5.759
7/3/24,2:06:38,1.611
7/3/24,4:15:54,3.368
7/3/24,4:49:21,2.941
8/3/24,0:00:00,0
8/3/24,1:05:39,0.857
8/3/24,2:32:41,1.96
8/3/24,3:51:53,3.006
8/3/24,0:00:00,0
8/3/24,0:06:38,0.085
8/3/24,5:27:13,1.817
8/3/24,7:55:43,5.407
8/3/24,4:05:11,1.009
9/3/24,0:00:22,0.001
9/3/24,0:00:00,0
9/3/24,4:12:08,3.347
9/3/24,2:29:27,1.953
10/3/24,1:45:47,1.384
10/3/24,7:06:06,4.677
11/3/24,5:37:27,4.47
11/3/24,1:03:23,0.446
11/3/24,3:30:32,0.334
12/3/24,2:09:06,1.714
12/3/24,2:13:34,0.906
12/3/24,2:18:48,0.984
3/13/24 11:21,0:45:46,0.571
3/13/24 22:04,2:04:56,1.496
3/14/24 5:55,5:19:25,4.224
3/14/24 19:11,5:08:31,1.899
3/15/24 10:55,0:33:53,0.424
3/17/24 18:37,0:00:00,0
3/17/24 18:38,7:39:53,5.289
3/18/24 5:53,5:02:13,4.003
3/18/24 10:15,0:00:03,0
3/18/24 12:11,0:31:00,0.409
3/19/24 15:26,2:11:58,0.942
3/19/24 16:13,7:54:01,5.455
3/20/24 7:24,1:26:17,1.131
3/20/24 8:44,1:35:05,0.598
3/20/24 14:17,2:48:51,1.205
3/20/24 19:20,7:31:12,5.123
3/21/24 6:33,7:28:53,5.901
3/21/24 7:28,1:53:27,1.497
3/21/24 9:59,1:54:37,1.513
3/21/24 11:02,0:56:36,0.358
3/22/24 7:32,1:48:27,1.415
3/23/24 10:12,2:15:19,0.905
3/23/24 15:20,1:45:06,1.297
3/23/24 19:31,0:00:00,0
3/24/24 9:35,1:33:42,0.611
3/25/24 9:34,3:46:18,2.981
3/25/24 14:56,1:56:15,0.836
3/25/24 16:50,5:15:14,1.737
3/26/24 5:55,7:26:19,5.969
3/26/24 15:24,2:16:47,0.844
3/27/24 7:24,0:00:00,0
3/27/24 7:27,1:47:58,1.413
3/27/24 9:41,4:03:45,3.185
3/27/24 13:48,3:08:36,2.484
3/27/24 19:02,3:21:25,1.402
3/28/24 9:53,2:21:55,1.827
3/28/24 10:13,0:01:48,0.012
3/28/24 11:11,2:29:06,1.062
3/29/24 5:54,6:55:35,5.498
3/29/24 9:04,4:03:04,3.069
3/29/24 9:05,0:00:00,0
3/29/24 9:29,2:33:17,1.085
3/29/24 10:41,0:13:13,0.168
3/29/24 12:39,1:21:15,1.083
3/29/24 12:50,1:23:49,0.581
3/30/24 11:00,2:13:32,1.771
3/30/24 11:38,2:02:24,0.751
3/30/24 15:00,0:00:00,0
3/30/24 15:01,0:00:00,0
3/30/24 17:41,5:35:34,1.927
3/30/24 23:55,0:00:00,0
3/31/24 11:19,0:00:00,0
3/31/24 11:32,0:00:00,0
3/31/24 16:05,0:00:00,0
3/31/24 18:01,0:34:49,0.221
1/4/24,6:12:38,4.901
1/4/24,1:55:17,1.466
1/4/24,1:30:50,1.187
1/4/24,2:30:31,1.933
1/4/24,2:17:57,1.808
1/4/24,0:00:00,0
1/4/24,2:52:43,1.177
1/4/24,0:00:00,0
1/4/24,0:21:59,0.154
1/4/24,3:00:07,0.574
2/4/24,2:02:32,1.615
2/4/24,2:45:24,1.119
2/4/24,2:21:17,1.817
2/4/24,2:06:05,0.774
2/4/24,5:06:11,1.819
2/4/24,2:03:10,0.198
3/4/24,1:58:46,1.571
3/4/24,2:47:15,2.203
3/4/24,0:00:00,0
4/4/24,0:00:02,0
4/4/24,6:41:41,5.283
4/4/24,2:10:28,1.651
4/4/24,1:39:38,0.662
4/4/24,0:04:15,0.055
5/4/24,1:15:21,0.987
5/4/24,2:26:46,1.862
5/4/24,0:02:47,0.03
5/4/24,0:00:00,0
6/4/24,5:09:08,4.061
7/4/24,1:34:04,0.645
7/4/24,0:55:08,0.701
7/4/24,5:30:05,1.997
8/4/24,3:14:12,2.547
8/4/24,1:23:24,1.092
9/4/24,1:57:28,1.45
9/4/24,5:46:28,1.825
10/4/24,5:30:25,4.379
10/4/24,0:06:31,0.082
10/4/24,1:23:15,0.587
10/4/24,0:08:47,0.109
10/4/24,2:32:34,1.968
10/4/24,9:41:21,6.873
11/4/24,0:00:00,0
11/4/24,0:00:00,0
11/4/24,1:56:34,1.464
11/4/24,7:13:07,4.947
12/4/24,0:00:40,0.005
12/4/24,4:52:35,3.835
12/4/24,3:25:29,1.437
12/4/24,1:26:42,0.61
12/4/24,1:39:00,1.294
12/4/24,2:25:10,1.787
12/4/24,1:15:33,0.993
12/4/24,3:48:15,2.993
12/4/24,0:02:12,0.027
4/13/24 16:45,0:41:25,0.54
4/13/24 20:14,0:00:00,0
4/13/24 20:26,8:27:54,3.321
4/13/24 20:28,0:00:00,0
4/13/24 20:28,0:00:00,0
4/14/24 11:13,6:40:08,5.295
4/15/24 8:01,0:10:01,0.13
4/15/24 8:23,6:21:52,5.055
4/15/24 9:42,1:21:21,0.575
4/15/24 10:56,2:04:26,1.548
4/15/24 12:38,1:13:25,0.482
4/15/24 20:14,7:30:40,5.216
4/16/24 9:05,2:26:49,0.975
4/16/24 9:53,2:18:19,1.74
4/16/24 12:47,4:16:21,3.382
4/16/24 13:08,1:50:24,0.738
4/17/24 5:27,2:07:42,1.711
4/17/24 7:19,2:16:16,1.816
4/17/24 8:05,5:15:19,2.188
4/17/24 8:28,5:31:20,4.445
4/17/24 8:36,0:38:29,0.288
4/17/24 9:41,4:54:24,3.91
4/17/24 19:36,6:47:58,4.566
4/18/24 9:59,2:38:04,1.983
4/18/24 12:45,0:00:00,0
4/18/24 12:58,2:02:21,0.757
4/18/24 18:41,7:09:37,4.758
4/19/24 7:35,2:00:11,1.597
4/19/24 9:01,3:51:45,2.77
4/19/24 9:29,1:16:27,0.54
4/19/24 9:31,0:57:11,0.755
4/19/24 11:21,2:51:29,2.167
4/19/24 12:13,4:58:19,3.863
4/19/24 13:02,0:06:12,0.079
4/19/24 17:13,5:37:26,2.142
4/19/24 20:46,1:06:03,0.455
4/20/24 8:15,1:07:33,0.691
4/20/24 15:37,2:05:14,0.782
4/20/24 15:38,2:37:17,2.093
4/20/24 16:10,5:53:43,2.061
4/20/24 16:18,1:18:34,0.964
4/20/24 18:41,0:44:10,0.576
4/22/24 9:11,4:11:01,1.738
4/22/24 9:36,4:30:58,1.916
4/22/24 9:42,0:00:00,0
4/22/24 12:05,2:14:27,1.679
4/22/24 12:54,0:00:00,0
4/22/24 13:34,0:00:00,0
4/23/24 6:59,3:00:48,1.233
4/23/24 7:21,0:29:05,0.39
4/23/24 7:32,2:09:25,1.706
4/23/24 8:20,7:47:01,6.19
4/23/24 9:10,3:27:35,2.777
4/23/24 14:45,3:44:08,2.771
4/23/24 16:50,2:45:07,0.638
4/23/24 19:44,9:14:10,6.513
4/24/24 9:40,0:38:15,0.5
4/24/24 12:25,0:03:14,0.039
4/24/24 18:44,7:13:36,4.905
4/25/24 7:41,4:19:30,1.63
4/25/24 9:51,2:16:07,1.687
4/25/24 13:10,1:59:55,0.813
4/25/24 16:36,1:46:15,1.379
4/26/24 4:57,2:46:26,2.217
4/26/24 7:31,2:17:32,1.811
4/26/24 11:48,2:37:52,1.981
4/26/24 14:10,1:53:06,0.257
4/26/24 15:20,1:09:13,0.908
4/26/24 21:03,8:18:34,3.215
4/26/24 21:23,1:30:29,0.202
4/26/24 21:27,8:41:24,6.058
4/27/24 15:07,0:12:39,0.086
4/27/24 16:24,1:48:58,0.434
4/27/24 19:33,1:03:41,0.224
4/27/24 21:29,10:10:13,4.665
4/27/24 23:53,1:53:29,0.307
4/28/24 10:10,0:00:00,0
4/28/24 12:00,0:31:18,0.399
4/28/24 13:28,2:07:16,0.785
4/28/24 16:38,0:20:49,0.27
4/28/24 21:09,5:23:17,3.581
4/29/24 7:30,3:39:09,2.918
4/29/24 23:00,7:57:33,5.445
4/30/24 9:14,2:11:58,1.611
4/30/24 13:38,2:05:41,0.784
4/30/24 13:41,4:11:47,1.215
1/5/24,2:24:14,0.766
1/5/24,4:44:38,1.725
1/5/24,3:21:41,1.403
1/5/24,2:01:33,0.076
2/5/24,3:16:17,2.613
2/5/24,2:51:34,1.186
2/5/24,3:54:53,1.655
3/5/24,5:17:52,4.214
3/5/24,0:26:43,0.353
3/5/24,2:23:35,1.729
4/5/24,2:27:52,1.94
4/5/24,1:33:49,1.252
5/5/24,4:58:59,3.925
6/5/24,2:10:36,1.712
6/5/24,2:20:00,1.723
6/5/24,1:17:59,1.02
7/5/24,7:00:02,5.59
7/5/24,2:15:04,1.634
7/5/24,4:11:53,1.747
7/5/24,2:50:49,2.271
8/5/24,6:55:14,5.458
8/5/24,1:28:37,1.166
8/5/24,1:20:36,0.818
8/5/24,2:09:17,1.537
8/5/24,0:00:00,0
8/5/24,2:34:10,0.507
9/5/24,3:05:20,1.609
9/5/24,2:00:52,1.427
9/5/24,0:28:38,0.374
9/5/24,4:28:31,1.093
9/5/24,4:27:40,1.621
10/5/24,2:12:52,1.748
10/5/24,0:00:13,0
10/5/24,3:43:29,2.828
10/5/24,1:57:49,1.522
10/5/24,1:14:35,0.783
10/5/24,0:49:39,0.645
11/5/24,5:04:26,4.014
11/5/24,4:57:23,3.477
11/5/24,0:08:41,0.062
11/5/24,0:33:12,0.433
11/5/24,1:09:13,0.614
11/5/24,0:32:44,0.422
11/5/24,0:51:35,0.685
11/5/24,0:00:00,0
12/5/24,2:59:54,0.577
12/5/24,1:43:15,1.325
12/5/24,0:23:06,0.293
12/5/24,1:10:40,0.678
12/5/24,0:05:16,0.063
12/5/24,6:20:33,2.089
5/13/24 7:19,2:00:24,1.598
5/13/24 8:39,0:00:00,0
5/13/24 8:42,2:09:58,1.701
5/13/24 9:25,2:53:23,2.24
5/13/24 12:23,1:20:49,0.916
5/13/24 13:50,0:05:39,0.066
5/14/24 8:00,3:06:38,1.278
5/14/24 8:21,6:27:28,5.133
5/14/24 9:55,2:17:24,1.676
5/14/24 11:43,4:01:53,1.713
5/15/24 7:01,2:17:14,1.812
5/15/24 12:28,1:17:50,1.027
5/15/24 20:52,4:59:49,1.913
5/15/24 22:46,1:51:24,0.699
5/16/24 8:18,0:53:38,0.707
5/16/24 8:18,0:00:00,0
5/16/24 9:57,2:36:30,1.992
5/16/24 10:32,1:44:01,1.378
5/17/24 8:20,3:49:55,3.011
5/17/24 9:31,1:20:56,1.07
5/17/24 10:49,2:27:54,1.928
5/17/24 11:56,3:25:31,2.078
5/17/24 13:08,0:50:32,0.459
5/17/24 20:37,2:12:55,0.344
5/20/24 6:34,7:05:00,5.644
5/20/24 9:15,2:22:04,0.693
5/20/24 9:20,3:13:49,2.54
5/20/24 9:38,1:53:22,1.492
5/20/24 12:56,3:54:58,1.678
5/20/24 16:01,1:17:35,0.557
5/20/24 18:51,4:18:01,1.759
5/21/24 10:06,2:06:32,1.56
5/22/24 7:25,4:58:10,3.966
5/22/24 9:33,1:51:57,0.62
5/22/24 9:40,2:07:47,1.699
5/22/24 12:18,1:28:55,1.187
5/22/24 13:22,1:40:27,1.313
5/22/24 23:26,1:48:32,0.697
5/23/24 8:30,6:52:06,5.482
5/23/24 10:13,2:27:49,1.475
5/23/24 13:00,2:48:48,1.215
5/24/24 9:27,1:15:07,0.99
5/24/24 9:28,3:16:07,1.394
5/24/24 9:45,0:00:00,0
5/24/24 10:54,2:05:30,1.61
5/24/24 11:12,2:34:33,1.911
5/24/24 14:57,2:04:54,0.777
5/24/24 17:19,1:43:47,0.748
5/24/24 19:54,2:44:12,1.164
5/24/24 21:51,4:16:53,1.385
5/25/24 19:12,0:35:31,0.45
5/26/24 10:40,1:56:19,1.515
5/26/24 13:40,1:28:32,1.135
5/26/24 14:17,2:37:22,2.045
5/26/24 15:35,3:21:16,2.569
5/26/24 21:03,3:29:30,1.215
5/27/24 7:36,5:44:19,4.551
5/27/24 9:24,2:32:19,1.08
5/27/24 11:25,2:42:50,2.127
5/27/24 12:04,0:59:18,0.785
5/27/24 12:12,4:09:58,1.749
5/28/24 8:12,3:35:35,1.492
5/28/24 8:38,0:04:24,0
5/28/24 9:06,7:38:13,5.987
5/28/24 9:35,2:19:26,1.704
5/28/24 20:56,4:10:41,1.533
5/29/24 9:38,4:28:55,1.907
5/29/24 9:44,1:26:22,1.135
5/29/24 12:25,1:14:35,0.183
5/29/24 15:05,0:14:46,0.167
5/29/24 21:09,5:33:41,1.406
5/30/24 13:20,4:20:15,1.791
5/31/24 8:55,2:37:20,2.05
5/31/24 11:24,3:44:51,1.563
5/31/24 13:11,2:34:27,1.918
1/6/24,2:02:51,0.75
1/6/24,0:34:23,0.453
1/6/24,2:49:49,0.597
2/6/24,1:58:37,0.737
2/6/24,1:23:12,1.1
2/6/24,3:46:59,1.584
3/6/24,5:19:06,4.187
3/6/24,1:20:57,1.072
4/6/24,3:31:57,1.532
5/6/24,1:52:40,0.724
5/6/24,0:00:00,0
5/6/24,6:35:59,5.117
7/6/24,1:38:29,1.196
7/6/24,2:14:25,1.606
7/6/24,1:02:25,0.445
7/6/24,1:05:53,0.414
8/6/24,3:50:16,3.047
8/6/24,0:41:12,0.508
8/6/24,0:59:45,0.387
8/6/24,0:20:18,0.14
10/6/24,3:31:29,0.998
10/6/24,2:44:28,1.238
10/6/24,3:29:22,1.444
10/6/24,1:13:15,0.959
11/6/24,6:04:05,2.091
11/6/24,0:44:41,0.583
12/6/24,1:15:49,0.57
12/6/24,4:15:43,1.139
12/6/24,2:03:50,1.533
12/6/24,5:13:31,4.095
12/6/24,2:53:55,1.207
6/13/24 9:01,2:57:04,0.562
6/13/24 18:12,3:11:24,2.483
6/13/24 21:19,16:19:22,11.781
6/14/24 7:24,2:05:15,1.598
6/14/24 8:01,2:29:38,1.05
6/14/24 8:41,2:05:58,0.95
6/14/24 10:15,2:03:36,1.52
6/14/24 11:45,2:14:16,1.766
6/14/24 13:36,2:09:59,1.678
6/14/24 14:14,0:00:00,0
6/14/24 14:15,1:37:43,0.638
6/14/24 14:18,2:58:24,1.236
6/14/24 15:53,0:21:59,0.009
6/14/24 17:39,0:00:00,0
6/14/24 22:39,6:02:50,4.631
6/15/24 6:49,7:07:58,5.46
6/15/24 7:50,4:02:57,1.728
6/15/24 8:08,5:26:24,2.313
6/15/24 11:41,1:55:39,0.731
6/15/24 12:22,0:00:00,0
6/15/24 12:26,2:02:54,1.493
6/15/24 14:40,2:51:52,1.153
6/15/24 15:58,3:47:30,2.153
6/15/24 16:36,3:07:11,2.437
6/15/24 18:55,11:16:24,8.955
6/15/24 21:44,0:13:49,0.043
6/16/24 7:21,2:52:21,2.032
6/16/24 7:25,2:54:54,2.258
6/16/24 10:24,0:00:00,0
6/18/24 9:03,3:28:50,2.758
6/18/24 9:12,5:12:10,1.875
6/19/24 9:48,0:08:31,0.063
6/20/24 8:57,3:48:28,1.066
6/21/24 8:20,2:57:20,2.359
6/21/24 9:04,2:20:04,0.5
6/21/24 11:31,0:56:44,0.757
6/21/24 12:43,2:22:15,1.804
6/22/24 11:35,2:40:20,2.118
6/22/24 13:50,1:40:00,1.337
6/22/24 14:20,0:51:06,0.366
6/22/24 17:41,0:06:58,0.091
6/24/24 9:09,5:51:36,2.087
6/24/24 11:25,1:15:14,0.567
6/24/24 13:34,1:49:56,1.473
6/24/24 15:17,2:50:25,2.263
6/24/24 18:08,0:00:00,0
6/25/24 9:05,1:23:05,0.154
6/25/24 13:27,0:00:00,0
6/25/24 13:36,1:58:45,1.586
6/25/24 21:12,2:34:40,1.167
6/26/24 8:45,0:00:22,0
6/26/24 8:47,3:15:20,2.572
6/26/24 9:18,1:50:20,0.307
6/26/24 9:59,7:34:53,5.884
6/26/24 10:18,0:55:55,0.383
6/27/24 8:59,1:53:44,0.771
6/27/24 9:09,5:14:23,3.877
6/27/24 14:08,0:12:26,0.093
6/27/24 14:33,0:40:19,0.536
6/27/24 16:05,1:27:26,0.545
6/28/24 9:22,2:50:38,2.243
1/7/24,4:42:56,1.502
1/7/24,8:12:00,6.431
1/7/24,5:43:32,4.001
2/7/24,2:20:13,1.056
2/7/24,5:17:56,3.978
3/7/24,2:12:01,1.738
4/7/24,2:15:39,1.723
5/7/24,1:23:01,0.624
8/7/24,6:11:45,4.921
8/7/24,3:53:16,3.078
9/7/24,3:18:45,1.33
10/7/24,2:07:40,0.963
10/7/24,2:34:59,0.705
10/7/24,9:23:19,6.725
11/7/24,2:42:51,2.126
11/7/24,1:40:27,0.381
11/7/24,2:28:06,1.382
11/7/24,3:22:36,2.648
12/7/24,2:36:22,1.179
12/7/24,3:56:08,1.689
12/7/24,2:16:35,0.526
7/13/24 11:21,0:18:19,0.24
7/13/24 12:22,2:23:19,1.895
7/14/24 8:50,4:55:21,3.814
7/14/24 17:02,6:34:13,5.191
7/14/24 17:03,3:13:22,1.39
7/14/24 18:12,1:19:25,0.562
7/15/24 9:00,2:24:54,0.688
7/15/24 9:53,5:00:06,3.926
7/15/24 12:54,1:16:14,0.217
7/15/24 13:47,1:40:30,0.671
7/16/24 9:32,1:55:22,0.346
7/17/24 8:14,6:11:00,4.913
7/17/24 8:16,2:56:15,1.205
7/17/24 9:29,5:26:15,4.244
7/17/24 17:46,2:12:29,0.998
7/18/24 9:14,2:07:27,0.604
7/18/24 12:56,0:00:00,0
7/18/24 12:57,0:00:00,0
7/18/24 13:27,0:53:38,0.135
7/18/24 14:01,3:31:47,2.615
7/19/24 9:15,5:53:46,4.647
7/19/24 10:05,1:25:54,0.303
7/19/24 15:08,0:12:37,0.166
7/22/24 7:37,6:52:45,5.514
7/22/24 8:32,8:33:18,6.805
7/22/24 10:32,1:35:05,0.678
7/22/24 15:26,5:57:47,4.288
7/22/24 20:11,2:39:42,1.203
7/23/24 8:35,3:01:31,2.033
7/23/24 13:53,0:57:46,0.745
7/25/24 11:22,1:00:11,0.804
7/25/24 14:34,0:44:08,0.581
7/25/24 19:35,3:50:05,3.029
7/26/24 11:47,2:07:16,0.475
7/26/24 15:39,7:27:51,4.153
7/27/24 9:25,3:57:12,3.165
7/27/24 23:31,11:38:44,9.382
7/29/24 9:10,3:29:04,1.469
7/29/24 13:45,2:09:41,0.904
7/30/24 7:47,1:07:36,0.858
7/30/24 7:59,0:00:00,0
7/30/24 8:16,7:30:53,6.009
7/30/24 9:57,0:24:17,0.317
7/30/24 10:30,2:02:13,0.922
7/30/24 10:42,0:14:58,0.195
7/30/24 11:19,4:48:32,3.77
7/30/24 13:34,3:34:39,1.52
7/31/24 10:31,2:00:13,0.487
7/31/24 12:32,0:36:38,0.276
7/31/24 14:26,2:02:08,0.88
1/8/24,2:07:12,0.899
1/8/24,0:49:02,0.658
1/8/24,4:28:19,1.813
2/8/24,2:49:04,0.687
2/8/24,5:48:19,4.647
3/8/24,1:54:34,0.863
3/8/24,2:53:17,2.308
5/8/24,7:29:21,5.987
5/8/24,3:10:06,1.348
5/8/24,2:32:53,0.591
6/8/24,7:05:14,5.689
6/8/24,1:55:04,0.334
6/8/24,2:18:14,1.041
7/8/24,2:36:39,0.578
7/8/24,3:46:46,2.969
7/8/24,4:23:19,2.849
8/8/24,2:10:58,1.719
8/8/24,2:08:19,0.966
9/8/24,7:26:19,5.956
9/8/24,3:45:30,2.854
9/8/24,2:23:55,0.707
9/8/24,0:28:59,0.372
9/8/24,3:01:16,2.417
10/8/24,3:52:55,3.103
12/8/24,1:21:20,1.074
12/8/24,5:21:54,4.165
8/13/24 7:40,1:03:04,0.649
8/13/24 8:12,8:22:47,6.675
8/13/24 14:10,2:44:19,1.24
8/15/24 8:55,1:19:26,0.534
8/15/24 9:08,2:23:35,1.879
8/15/24 13:24,2:29:40,1.97
8/16/24 13:22,1:00:25,0.793
8/16/24 14:25,1:17:38,1.017
8/16/24 17:48,4:03:36,3.265
8/17/24 11:21,4:41:08,1.776
8/18/24 8:01,3:21:16,2.69
8/19/24 6:31,9:08:09,7.275
8/19/24 8:18,3:31:42,1.472
8/19/24 11:22,1:17:49,0.489
8/19/24 13:49,6:53:28,5.458
8/19/24 17:33,4:10:55,3.356
8/20/24 13:54,5:19:30,4.201
8/20/24 19:54,3:53:44,3.081
8/21/24 12:50,0:29:17,0.202
8/21/24 19:49,2:40:08,2.105
8/22/24 7:36,2:16:47,1.815
8/22/24 8:49,2:15:10,0.934
8/22/24 13:43,1:45:43,1.348
8/22/24 13:46,2:23:47,1.91
8/22/24 14:46,0:08:37,0.115
8/23/24 13:37,2:29:14,1.967
8/23/24 15:25,4:20:10,2.085
8/23/24 18:02,3:02:30,2.441
8/24/24 16:37,0:00:00,0
8/25/24 12:17,0:39:03,0.519
8/25/24 15:43,4:55:00,3.945
8/27/24 7:37,4:35:31,1.734
8/27/24 7:38,4:51:53,3.887
8/28/24 10:51,5:59:57,4.749
8/28/24 18:16,3:17:26,2.652
8/29/24 7:27,2:14:39,1.797
8/29/24 9:06,0:00:00,0
8/29/24 9:08,2:17:44,1.771
8/29/24 11:01,2:41:22,2.031
8/30/24 14:51,2:23:42,1.924
8/30/24 15:53,4:49:44,3.902
8/30/24 16:01,0:00:00,0
8/30/24 16:05,0:37:11,0.493
1/9/24,6:30:30,5.18
2/9/24,4:50:24,3.824
3/9/24,2:05:17,0.777
4/9/24,2:20:35,1.858
4/9/24,1:49:10,1.426
4/9/24,0:27:55,0.192
4/9/24,4:56:41,3.917
5/9/24,5:10:46,3.075
5/9/24,0:46:23,0.318
5/9/24,2:13:16,1.757
5/9/24,2:49:50,2.238
5/9/24,1:11:41,0.54
5/9/24,0:59:12,0.791
6/9/24,0:00:00,0
6/9/24,0:00:00,0
6/9/24,3:22:55,1.416
6/9/24,3:10:12,2.402
6/9/24,1:12:09,0.939
6/9/24,1:10:58,0.919
6/9/24,11:17:56,8.237
8/9/24,1:39:38,0.604
8/9/24,2:23:28,1.698
9/9/24,2:59:26,1.232
9/9/24,0:16:58,0.223
10/9/24,2:16:38,1.807
10/9/24,4:20:09,1.789
10/9/24,5:40:58,4.444
10/9/24,5:29:26,4.412
10/9/24,2:23:27,1.026
11/9/24,3:09:32,1.304
11/9/24,7:28:48,5.953
11/9/24,4:15:32,1.73
11/9/24,2:42:00,2.104
12/9/24,0:41:33,0.521
12/9/24,2:08:47,0.974
9/13/24 9:18,4:54:51,3.849
9/14/24 9:01,3:19:18,2.594
9/14/24 10:25,1:32:04,1.113
9/14/24 12:32,2:42:29,2.118
9/14/24 15:57,0:55:10,0.714
9/15/24 0:00,3:29:20,2.732
9/15/24 9:44,2:01:59,0.761
9/15/24 11:21,1:08:32,0.888
9/15/24 12:01,0:23:01,0.163
9/15/24 12:32,0:18:09,0.129
9/16/24 7:41,7:37:30,6.095
9/16/24 8:25,4:31:20,1.826
9/16/24 10:02,1:46:35,1.319
9/16/24 14:05,0:25:42,0.313
9/16/24 20:42,4:37:53,1.762
9/17/24 9:26,5:58:00,1.84
9/18/24 8:10,2:56:04,1.2
9/18/24 8:32,6:02:30,4.788
9/18/24 8:39,0:00:00,0
9/18/24 8:39,8:16:26,5.466
9/18/24 9:05,4:31:56,1.865
9/19/24 9:55,4:19:40,1.692
9/19/24 23:07,1:27:19,0.534
9/20/24 8:01,3:41:48,2.943
9/20/24 8:34,4:17:23,1.781
9/20/24 11:54,4:59:02,1.879
9/20/24 12:15,3:31:06,1.355
9/20/24 15:55,0:57:56,0.418
9/21/24 9:24,2:05:09,1.626
9/21/24 10:46,3:25:41,2.688
9/22/24 6:57,5:40:43,4.494
9/22/24 18:54,2:24:21,1.869
9/23/24 9:07,0:00:31,0.002
9/23/24 9:08,4:31:17,1.854
9/23/24 9:17,2:01:13,0.912
9/23/24 9:30,2:42:28,1.671
9/23/24 11:00,4:57:00,3.842
9/23/24 11:49,2:11:01,1.702
9/24/24 9:53,2:51:27,2.152
9/24/24 11:17,2:42:50,1.121
9/24/24 11:56,4:18:14,1.772
9/25/24 7:16,2:16:53,1.822
9/25/24 8:42,0:00:04,0
9/25/24 8:43,7:08:19,5.712
9/25/24 8:48,4:10:15,1.721
9/25/24 8:58,6:23:39,5.05
9/26/24 8:20,2:12:20,0.892
9/26/24 9:59,6:17:26,1.76
9/26/24 13:12,0:03:59,0.029
9/27/24 9:07,2:49:14,1.192
9/27/24 11:27,4:51:04,1.849
9/28/24 11:15,2:03:43,0.767
9/28/24 15:07,3:50:15,3.021
9/29/24 6:29,6:55:15,5.48
9/29/24 13:19,2:03:28,1.64
9/30/24 8:50,4:30:30,1.825
9/30/24 8:54,4:24:24,3.415
9/30/24 9:42,5:40:45,1.848
9/30/24 11:09,0:47:59,0.249
9/30/24 17:10,2:01:02,0.913
9/30/24 20:53,1:00:40,0.792
1/10/24,1:34:55,1.189